rel_path,type,size_bytes,size_human,sha256,git_state,for_git,reason
assets/experiments/hospital_h2_collection_20260709/h6_adjudication.json,json,1660,1.6KB,1718815f5f45f28a365ab915b9ab64992a1a3d4816235bfbd776dd9f04b82726,A,yes,
assets/experiments/hospital_h2_collection_20260709/h6_artifact_completeness_report.json,json,3595,3.5KB,e2e51f0b796cae72cd2ad02c98a516622395ae166f140bc1b392734ef71c0e71,A,yes,
assets/experiments/hospital_h2_collection_20260709/h6_candidate_card.json,json,2288,2.2KB,2ea0fe35cb8615d5a125ec4afa6d8cbc3086561fe76a794deab96ee840f30c4a,A,yes,
assets/experiments/hospital_h2_collection_20260709/h6_claim_boundary.md,md,2608,2.5KB,7a369d06706040bb1f24de60643593d4f5982fa9feca1493db3eaeb4535560c1,A,yes,
assets/experiments/hospital_h2_collection_20260709/h6_cleanup_dds_report.json,json,2470,2.4KB,30f652c3378751f009f3bc6738d7412240accdb4b0faaf581d079099e29f2ce8,A,yes,
assets/experiments/hospital_h2_collection_20260709/h6_command_ledger.md,md,4038,3.9KB,0cad58f7b8a6ae925227d4e31d394f27737425185a425f58837bc8b4a03083c9,A,yes,
assets/experiments/hospital_h2_collection_20260709/h6_conversion_artifact_check.json,json,8763,8.6KB,6e8d90de9671351d307ede1d24b9d718ddc1fee35faaac81d8837d52a22f704d,A,yes,
assets/experiments/hospital_h2_collection_20260709/h6_conversion_leakage_report.json,json,447,447B,6a38d34dbecba2d239665a2dd8b857899362e3242c04556e015cfb459d4dc156,A,yes,
assets/experiments/hospital_h2_collection_20260709/h6_convert_ledger.jsonl,jsonl,1796,1.8KB,81817c9164739b2f4491778210e42725c5b8998b1ae4d265613b7d561fe4551c,A,yes,
assets/experiments/hospital_h2_collection_20260709/h6_converted_dataset_summary.json,json,9006,8.8KB,a5246db2d1ef384f6650d3eef4966ec27ccdd07eaf9bc3655e7e42ebc9c202b6,A,yes,
assets/experiments/hospital_h2_collection_20260709/h6_converted_split_counts.csv,csv,167,167B,53e7f05317a35517193dddee13bf80e8c842cf8c53f175c6fb2a8650b529c82e,A,yes,
assets/experiments/hospital_h2_collection_20260709/h6_converted_split_counts.json,json,635,635B,4a7e74a5bff805ef658811955e43b6596d195410e7faf470a5e9c2eacc1411a2,A,yes,
assets/experiments/hospital_h2_collection_20260709/h6_coverage_table.csv,csv,401,401B,97f952b7aea3f1aec5cc57a024e6503db9c5ad120ef7ed170f4a18f673c4907f,tracked-clean(baseline),yes,already committed at 024033b
assets/experiments/hospital_h2_collection_20260709/h6_dataset_readiness.json,json,236,236B,0097774a726fe942af9c7b9e41b37d49a9d83375be540e5d1007b5411118bf51,A,yes,
assets/experiments/hospital_h2_collection_20260709/h6_decision_log.md,md,5340,5.2KB,e1b1aebf9d1ca29eb97e719a0f082e65164a21bc9856f17ae861b82c48d98d0d,A,yes,
assets/experiments/hospital_h2_collection_20260709/h6_disk_report.json,json,2056,2.0KB,ef35a2bd5169f25d585715c6a9f358a2588eb8d24213b0099acdb0fab748b28c,A,yes,
assets/experiments/hospital_h2_collection_20260709/h6_driftguard_decision.json,json,3021,3.0KB,bba7359bf5b38ed59add8b634cc161f1e14a5fb0820f6e9c2c9ffeebde027cb1,A,yes,
assets/experiments/hospital_h2_collection_20260709/h6_eval_h1_test_combined.json,json,461,461B,422962d7f7e7429831195c7d5376c6b4e67c33201d2a627862e82bbaad1fb771,A,yes,
assets/experiments/hospital_h2_collection_20260709/h6_eval_h1_test_h4.json,json,446,446B,ef12539bf048e85178884bb4f47d8d68f6964921727c70dc65afa86fe5f2311e,A,yes,
assets/experiments/hospital_h2_collection_20260709/h6_eval_h1_test_h6hard.json,json,450,450B,c8895060639fc67b03e22848319c2423c059946debe0c692ff1a20324fc39c24,A,yes,
assets/experiments/hospital_h2_collection_20260709/h6_eval_h1_test_prior.json,json,457,457B,31f05e2d8c620f1613b21c9b976af5e77580eadd504f1a421914a50b1e16063f,A,yes,
assets/experiments/hospital_h2_collection_20260709/h6_eval_h5_test_combined.json,json,457,457B,19dbe5e29e55ebf47883a661e2f3f1f20c9638a04131c3eb505bc85655f4eebf,A,yes,
assets/experiments/hospital_h2_collection_20260709/h6_eval_h5_test_h4.json,json,447,447B,6a90fb4d48de72960738112e268750d84bdf2171eafa06509f8276457d2caa90,A,yes,
assets/experiments/hospital_h2_collection_20260709/h6_eval_h5_test_h6hard.json,json,444,444B,29360d9f0daa3066388060e49672efb7b957d9e2cdc7c04a37e985fc2dc3ec98,A,yes,
assets/experiments/hospital_h2_collection_20260709/h6_eval_h5_test_prior.json,json,446,446B,e9c2c1fc7620b08444d870c82d22e929ef456aaeb1c5032f44cc0473c95d988a,A,yes,
assets/experiments/hospital_h2_collection_20260709/h6_eval_h6_test_combined.json,json,451,451B,97a5b77b7b7750a101f71992efbca4c3398bc146cf1ffafc27e41baac0a8bdbb,A,yes,
assets/experiments/hospital_h2_collection_20260709/h6_eval_h6_test_h4.json,json,448,448B,fdb671e18c6e3960bf0731d09594d633a777cd2e0d5b6118cf9d62c994d7b193,A,yes,
assets/experiments/hospital_h2_collection_20260709/h6_eval_h6_test_h6hard.json,json,447,447B,a423985df5bc444f3294548152a642dece8ac22086ecf61935ac5c4cf87c50fd,A,yes,
assets/experiments/hospital_h2_collection_20260709/h6_eval_h6_test_prior.json,json,450,450B,45dcfc75d2d6eabde10ab12a214693223cba824064a25d5eb11a9468ec12bc84,A,yes,
assets/experiments/hospital_h2_collection_20260709/h6_eval_matrix.csv,csv,897,897B,e00b2de5bbfb18eeed3c48ca119f2b25eeb0ead4dcbe26126694a303b888f724,A,yes,
assets/experiments/hospital_h2_collection_20260709/h6_eval_matrix.json,json,2744,2.7KB,06124bcc84d271bd5a09481756eb18754ff22dca6d2605377a9f48aa4e4afba9,A,yes,
assets/experiments/hospital_h2_collection_20260709/h6_excluded_episode_report.json,json,736,736B,51b918af9ea9cc68b324eef96132e52f132d0544d8c36aa7a6624a74e37e46eb,A,yes,
assets/experiments/hospital_h2_collection_20260709/h6_excluded_routes.json,json,484,484B,4468fa2055283f3f53b9059abcfabe9e1380d89a2f326fad2fa6258547ca25c5,A,yes,
assets/experiments/hospital_h2_collection_20260709/h6_git_diff_summary.md,md,5369,5.2KB,dc3ff5bd8ce79a094d576c3adf46bb03e38f535746690c68e8ff0764ffece19c,A,yes,
assets/experiments/hospital_h2_collection_20260709/h6_goal_claimboundary.json,json,454,454B,ad9e872f2b35213d7c6a7b9d7eb8193ca5379c65528fd430f422c55ba18f5fe3,A,yes,
assets/experiments/hospital_h2_collection_20260709/h6_h5_reference_card.json,json,2201,2.1KB,bc0f654013d88cc88d64f25f272a09bd9972a8524f533464e443542f2d310366,A,yes,
assets/experiments/hospital_h2_collection_20260709/h6_incumbent_card.json,json,2217,2.2KB,d42f9f47b589059dc12a067839f90e7de2e4f7b193e39e81c211d1e8b1264059,A,yes,
assets/experiments/hospital_h2_collection_20260709/h6_leakage_report.json,json,391,391B,68e9e5b15f97c0f313e6999a13284e511f9a47034f630ddfabe515bc56d60b5d,A,yes,
assets/experiments/hospital_h2_collection_20260709/h6_paper_trail.md,md,9045,8.8KB,759769ae7b8f4bd5e1ec6375b93c33b6569fe59a3b8eff81fea5442817c2e38a,A,yes,
assets/experiments/hospital_h2_collection_20260709/h6_per_family_failure_table.csv,csv,951,951B,0defa229e1e436d868bc40f06fcf1afd98bcf671c50e30c5490b29134ec4194d,A,yes,
assets/experiments/hospital_h2_collection_20260709/h6_per_family_failure_table.json,json,3076,3.0KB,e2ff02fa21a3313e8cff1f5d3d38a6588eb9d8161f8e7c019dbc7d8f0a4ef9ad,A,yes,
assets/experiments/hospital_h2_collection_20260709/h6_plan.md,md,6866,6.7KB,e575951b4bb0e2d07c83433d2724d97df8a48411a62cc7ae00a60f72afc14da2,tracked-clean(baseline),yes,already committed at 024033b
assets/experiments/hospital_h2_collection_20260709/h6_pre_recording_snapshot_20260712_192927.txt,txt,19312,18.9KB,f94a42448fee4659226c803b1ec070ba4741a759c39f36c11945f3a85482e723,A,yes,
assets/experiments/hospital_h2_collection_20260709/h6_precheck_verdict_table.csv,csv,1867,1.8KB,bb2c5e8fcb017be918b2c6b18d26f2db463f2b819a8ded32d087739c0f59f0d5,A,yes,
assets/experiments/hospital_h2_collection_20260709/h6_precheck_verdict_table.json,json,5640,5.5KB,e0e4b881f349e0aa8be649ecaa5f40772aeab9af8cadbda9c941132ca598e411,A,yes,
assets/experiments/hospital_h2_collection_20260709/h6_professor_report.md,md,7584,7.4KB,61853ae3a2a864019abc931c6727842eb1005b5c0ce31d9eae7db82e58023929,A,yes,
assets/experiments/hospital_h2_collection_20260709/h6_recording_ledger.csv,csv,5319,5.2KB,322a6224da6eb405a037850fdd6604564c565dccb0c2146cc0c704dc26914820,A,yes,
assets/experiments/hospital_h2_collection_20260709/h6_recording_ledger.json,json,14760,14.4KB,36d4d6c5ae3ea55e05ee4e21b06bad2e2eab7d79b1a21481b4696af974e972ba,A,yes,
assets/experiments/hospital_h2_collection_20260709/h6_recording_quality_table.csv,csv,1899,1.9KB,4ecd92d70cd55c4c1a24b8573fe215096d94f16fb226bb6df540dd9a8ae97b55,A,yes,
assets/experiments/hospital_h2_collection_20260709/h6_repro_commands.md,md,4568,4.5KB,4112813cccae5ab0a04beefd0c9b1e974649cead032e7e2f20f67b001645b4cc,A,yes,
assets/experiments/hospital_h2_collection_20260709/h6_route_family_approval_table.csv,csv,1194,1.2KB,f30f052fa87d45393ce2a1828c025bd49eb860ede999e6c1aef83df7b4f102bc,modified,yes,
assets/experiments/hospital_h2_collection_20260709/h6_route_family_coverage_table.csv,csv,169,169B,a5232a5234ba874a1ea3d27d5c5f60e03a09a0dce5117e4c966b209e7444dd62,A,yes,
assets/experiments/hospital_h2_collection_20260709/h6_split_manifest.json,json,867,867B,6145386398332627ead0e06f11b8dc322218dbfb108b8a225a82401824a6b9b9,A,yes,
assets/experiments/hospital_h2_collection_20260709/h6_verdictplane_record.json,json,579,579B,27abeea4c3dbd0f262413374ccaa276ef6e505b4789eff733fcb2ad798498577,A,yes,
scripts/gnm/execution_feasibility_decider.py,py,8784,8.6KB,1cba92ff670471bd913c3f384706ee9b324cffe402a62ed7b7acee67a038bf57,modified,yes,
scripts/datasets/hospital_h6_generate_hard_routes.py,py,8985,8.8KB,3270f5e891e13b4870fb201da4e84ea161896e5d001c92c62197007bc59f0ed2,modified,yes,
scripts/gnm/h6_precheck_verdicts.py,py,11184,10.9KB,38500556b0976d04b9236438fcb287d8d09b41b1d9a77475ad4d5f6d9875469a,A,yes,
scripts/gnm/h6_record_collection.py,py,9228,9.0KB,0546a3c7f1f2983265b2f77d0d1b1332ec80aec9d07b0c3d9bff642a941eb5a9,A,yes,
scripts/gnm/h6_collection_reports.py,py,9944,9.7KB,60fa24e766c18919a3d09b57509417851080c03b9dad6fe0049b642501952cc1,A,yes,
scripts/gnm/h6_convert_all.sh,sh,2325,2.3KB,49bea9dfbaea10488cd56414265ff42e1ea7560845b0560bcaeec7288cfc7722,A,yes,
scripts/gnm/build_h6_dataset_root.py,py,9594,9.4KB,9f69f7e12225d7f5d2b7fdc458f627ace39971acd5ddf9cb8af8f9e3208316b8,A,yes,
scripts/gnm/h6_evaluate_all.py,py,3903,3.8KB,318bc1218b12152a8a1dbe30f3553520d32eb6330c5b4065d9b69d5038163b1a,A,yes,
scripts/gnm/h6_governance_adjudicate.py,py,11154,10.9KB,00c14ffc442221fabbaebb874a135caa26fb7c1e51945fef7b846b0e9e64c41c,A,yes,
scripts/gnm/h6_per_family_table.py,py,4353,4.3KB,c8b1d9c9e7a5370bec8898307dfb4415c561eafb8260ee0f2c0a7291e34c62f3,A,yes,
scripts/gnm/h6_build_audit_manifest.py,py,6916,6.8KB,2771e3de994dde7a245a3f126a639a6db023108ab3308ddcbd15bcd131761faa,modified,yes,
configs/gnm/gnm_h6_hard_families.yaml,yaml,1953,1.9KB,dff714c4d94eed486dd5b29f37c159de5f5d0c7d44019cc774b397e91e099b8b,A,yes,
paper/experiment_paper_trails/README.md,md,1815,1.8KB,ad035deedaa9a9e188b33507d3dc72ff0f2b4cf0cf058c58593918001e5739f5,A,yes,
paper/experiment_paper_trails/h6_paper_trail.md,md,2478,2.4KB,83aaa7a39a8db828009fda592758a36a9014fcb88666fccceae3d38188bcc343,A,yes,
assets/experiments/hospital_h6_routes/h6_chain_01.json,json,675,675B,7e6e26c06868ebfc233e3621d1ff4e2af17111e8f5828e5083019400e5db9f9e,modified,yes,
assets/experiments/hospital_h6_routes/h6_chain_02.json,json,577,577B,52aa47c96893454e29617a5058b6ac026d76609b62e438dab2a1bca41d6b830d,tracked-clean(baseline),yes,already committed at 024033b
assets/experiments/hospital_h6_routes/h6_compound_01.json,json,553,553B,297cfab8cb1246e6ee877de041b0cce8bc98cb4e149a72b601663d76918fb85c,tracked-clean(baseline),yes,already committed at 024033b
assets/experiments/hospital_h6_routes/h6_ftL_01.json,json,471,471B,f9ee40ee1717513129df5846bf9360c2cd460542194013973cbab029958b13c1,tracked-clean(baseline),yes,already committed at 024033b
assets/experiments/hospital_h6_routes/h6_sharpmulti_01.json,json,559,559B,24ae44448c731d8d1a8b83f770774153b6ddc2cd461f82e9bcb51afc3ce1f012,tracked-clean(baseline),yes,already committed at 024033b
assets/experiments/hospital_h6_routes/h6_tightcorr_01.json,json,522,522B,f76dec5f906c74eff06f31ac2f9d58b645a7331ed92a424d152e6054ec2fe365,tracked-clean(baseline),yes,already committed at 024033b
assets/experiments/hospital_h6_routes/h6_uturn_01.json,json,506,506B,d50ab7647a6fe4cd89f39fe39ce9839ec56c6b2558f346a6323127222644bc65,tracked-clean(baseline),yes,already committed at 024033b
assets/experiments/hospital_h6_routes/h6_uturn_02.json,json,500,500B,8eed17aee33b8a0f813ff0228c3bb0300d48c28c1f56b75f7dbe56561db2b883,tracked-clean(baseline),yes,already committed at 024033b
assets/experiments/hospital_h6_routes/rejected/h6_chain_01__rejected.json,json,725,725B,24facbbceecf85ab8c42e615eadeed6fdfd53f01ccc46b23920c2b03b63b2d85,A,yes,
assets/experiments/rosbags/h6rec_* (16),rosbag-sqlite3,31375050646,29.2GB,(dir group; 32 files; not hashed),new(untracked),no,raw sensor recording; cold-storage/pCloud candidate
assets/experiments/trajectories/h6rec_* (16),trajectory-jsonl,214563326,204.6MB,(dir group; 48 files; not hashed),new(untracked),no,raw per-step trajectory
datasets/isaac_hospital_imagenav_v0/unassigned/h6rec_* (16),frames-jpg,29075904,27.7MB,(dir group; 2905 files; not hashed),new(untracked),no,converted image frames
datasets/isaac_hospital_h6/,dataset-root,29077118,27.7MB,(dir group; 2906 files; not hashed),new(untracked),no,built dataset root (copy of frames)
logs/h6_*.log (8),log,148693,145.2KB,(dir group; 8 files; not hashed),new(untracked),no,run logs
checkpoints/h6_hard_families_finetune/best.pt,pt,77748773,74.1MB,4bc046e90e484542a1498045de26508d1fca15779b66f49abd658e108eec05b7,n/a,no,model weights; local + cold-storage (hashed for integrity)
checkpoints/h6_hard_families_finetune/latest.pt,pt,77821089,74.2MB,ebc98e75721d8ddbe84638e933fdafe30a2af4781e908b5733a65d3bc5710d61,n/a,no,model weights; local + cold-storage (hashed for integrity)
assets/experiments/hospital_h2_collection_20260709/h6_artifact_manifest.csv,csv,0,-,(self; emitted by the manifest run),new(untracked),yes,the manifest itself
assets/experiments/hospital_h2_collection_20260709/h6_artifact_manifest_sha256.txt,txt,0,-,(self; emitted by the manifest run),new(untracked),yes,the manifest itself
