metric,view_i,split_i,view_j,split_j,pair_class,similarity
dino_cosine,h8m_recep_junction__goalA,test,h8m_recep_junction__goalB,test,within_zone,0.2834
ahash,h8m_recep_junction__goalA,test,h8m_recep_junction__goalB,test,within_zone,0.7305
ssim,h8m_recep_junction__goalA,test,h8m_recep_junction__goalB,test,within_zone,0.1054
dino_cosine,h8m_recep_junction__goalA,test,h8m_recep_fork__goalA,test,within_split,0.3229
ahash,h8m_recep_junction__goalA,test,h8m_recep_fork__goalA,test,within_split,0.8242
ssim,h8m_recep_junction__goalA,test,h8m_recep_fork__goalA,test,within_split,0.0497
dino_cosine,h8m_recep_junction__goalA,test,h8m_recep_fork__goalB,test,within_split,0.3307
ahash,h8m_recep_junction__goalA,test,h8m_recep_fork__goalB,test,within_split,0.5117
ssim,h8m_recep_junction__goalA,test,h8m_recep_fork__goalB,test,within_split,0.0264
dino_cosine,h8m_recep_junction__goalA,test,h8m_recep_desk_multiobj__goalA,train,cross_split,0.4883
ahash,h8m_recep_junction__goalA,test,h8m_recep_desk_multiobj__goalA,train,cross_split,0.4414
ssim,h8m_recep_junction__goalA,test,h8m_recep_desk_multiobj__goalA,train,cross_split,0.0003
dino_cosine,h8m_recep_junction__goalA,test,h8m_recep_desk_multiobj__goalB,train,cross_split,0.1877
ahash,h8m_recep_junction__goalA,test,h8m_recep_desk_multiobj__goalB,train,cross_split,0.4609
ssim,h8m_recep_junction__goalA,test,h8m_recep_desk_multiobj__goalB,train,cross_split,0.0371
dino_cosine,h8m_recep_junction__goalA,test,h8m_side_corridor__goalA,val,cross_split,0.3269
ahash,h8m_recep_junction__goalA,test,h8m_side_corridor__goalA,val,cross_split,0.6211
ssim,h8m_recep_junction__goalA,test,h8m_side_corridor__goalA,val,cross_split,0.0354
dino_cosine,h8m_recep_junction__goalA,test,h8m_side_corridor__goalB,val,cross_split,0.2862
ahash,h8m_recep_junction__goalA,test,h8m_side_corridor__goalB,val,cross_split,0.5508
ssim,h8m_recep_junction__goalA,test,h8m_side_corridor__goalB,val,cross_split,0.0406
dino_cosine,h8m_recep_junction__goalA,test,h8m_waiting_seating__goalA,train,cross_split,0.2177
ahash,h8m_recep_junction__goalA,test,h8m_waiting_seating__goalA,train,cross_split,0.543
ssim,h8m_recep_junction__goalA,test,h8m_waiting_seating__goalA,train,cross_split,0.0594
dino_cosine,h8m_recep_junction__goalA,test,h8m_waiting_seating__goalB,train,cross_split,0.1574
ahash,h8m_recep_junction__goalA,test,h8m_waiting_seating__goalB,train,cross_split,0.4688
ssim,h8m_recep_junction__goalA,test,h8m_waiting_seating__goalB,train,cross_split,0.0616
dino_cosine,h8m_recep_junction__goalA,test,h8m_lobby_vending_nearfar__goalA,train,cross_split,0.2228
ahash,h8m_recep_junction__goalA,test,h8m_lobby_vending_nearfar__goalA,train,cross_split,0.5117
ssim,h8m_recep_junction__goalA,test,h8m_lobby_vending_nearfar__goalA,train,cross_split,0.0124
dino_cosine,h8m_recep_junction__goalA,test,h8m_lobby_vending_nearfar__goalB,train,cross_split,0.1938
ahash,h8m_recep_junction__goalA,test,h8m_lobby_vending_nearfar__goalB,train,cross_split,0.4922
ssim,h8m_recep_junction__goalA,test,h8m_lobby_vending_nearfar__goalB,train,cross_split,0.0152
dino_cosine,h8m_recep_junction__goalA,test,h8m_east_vending_nearfar__goalA,val,cross_split,0.2334
ahash,h8m_recep_junction__goalA,test,h8m_east_vending_nearfar__goalA,val,cross_split,0.5117
ssim,h8m_recep_junction__goalA,test,h8m_east_vending_nearfar__goalA,val,cross_split,0.0179
dino_cosine,h8m_recep_junction__goalA,test,h8m_east_vending_nearfar__goalB,val,cross_split,0.2239
ahash,h8m_recep_junction__goalA,test,h8m_east_vending_nearfar__goalB,val,cross_split,0.4805
ssim,h8m_recep_junction__goalA,test,h8m_east_vending_nearfar__goalB,val,cross_split,0.0182
dino_cosine,h8m_recep_junction__goalA,test,h8m_lookalike_confuser__goalA,hard_negative,cross_split,0.168
ahash,h8m_recep_junction__goalA,test,h8m_lookalike_confuser__goalA,hard_negative,cross_split,0.5547
ssim,h8m_recep_junction__goalA,test,h8m_lookalike_confuser__goalA,hard_negative,cross_split,0.0629
dino_cosine,h8m_recep_junction__goalA,test,h8m_lookalike_confuser__goalB,hard_negative,cross_split,0.2408
ahash,h8m_recep_junction__goalA,test,h8m_lookalike_confuser__goalB,hard_negative,cross_split,0.5547
ssim,h8m_recep_junction__goalA,test,h8m_lookalike_confuser__goalB,hard_negative,cross_split,0.0161
dino_cosine,h8m_recep_junction__goalA,test,placeholder_h2_weave_J,hard_negative,cross_split,0.3467
ahash,h8m_recep_junction__goalA,test,placeholder_h2_weave_J,hard_negative,cross_split,0.5078
ssim,h8m_recep_junction__goalA,test,placeholder_h2_weave_J,hard_negative,cross_split,0.3893
dino_cosine,h8m_recep_junction__goalB,test,h8m_recep_fork__goalA,test,within_split,0.4467
ahash,h8m_recep_junction__goalB,test,h8m_recep_fork__goalA,test,within_split,0.6484
ssim,h8m_recep_junction__goalB,test,h8m_recep_fork__goalA,test,within_split,0.593
dino_cosine,h8m_recep_junction__goalB,test,h8m_recep_fork__goalB,test,within_split,0.5451
ahash,h8m_recep_junction__goalB,test,h8m_recep_fork__goalB,test,within_split,0.6016
ssim,h8m_recep_junction__goalB,test,h8m_recep_fork__goalB,test,within_split,0.4173
dino_cosine,h8m_recep_junction__goalB,test,h8m_recep_desk_multiobj__goalA,train,cross_split,0.3842
ahash,h8m_recep_junction__goalB,test,h8m_recep_desk_multiobj__goalA,train,cross_split,0.1719
ssim,h8m_recep_junction__goalB,test,h8m_recep_desk_multiobj__goalA,train,cross_split,0.2841
dino_cosine,h8m_recep_junction__goalB,test,h8m_recep_desk_multiobj__goalB,train,cross_split,0.3804
ahash,h8m_recep_junction__goalB,test,h8m_recep_desk_multiobj__goalB,train,cross_split,0.3477
ssim,h8m_recep_junction__goalB,test,h8m_recep_desk_multiobj__goalB,train,cross_split,0.3242
dino_cosine,h8m_recep_junction__goalB,test,h8m_side_corridor__goalA,val,cross_split,0.4043
ahash,h8m_recep_junction__goalB,test,h8m_side_corridor__goalA,val,cross_split,0.6484
ssim,h8m_recep_junction__goalB,test,h8m_side_corridor__goalA,val,cross_split,0.6214
dino_cosine,h8m_recep_junction__goalB,test,h8m_side_corridor__goalB,val,cross_split,0.5126
ahash,h8m_recep_junction__goalB,test,h8m_side_corridor__goalB,val,cross_split,0.4609
ssim,h8m_recep_junction__goalB,test,h8m_side_corridor__goalB,val,cross_split,0.4119
dino_cosine,h8m_recep_junction__goalB,test,h8m_waiting_seating__goalA,train,cross_split,0.3507
ahash,h8m_recep_junction__goalB,test,h8m_waiting_seating__goalA,train,cross_split,0.3281
ssim,h8m_recep_junction__goalB,test,h8m_waiting_seating__goalA,train,cross_split,0.3523
dino_cosine,h8m_recep_junction__goalB,test,h8m_waiting_seating__goalB,train,cross_split,0.4523
ahash,h8m_recep_junction__goalB,test,h8m_waiting_seating__goalB,train,cross_split,0.3555
ssim,h8m_recep_junction__goalB,test,h8m_waiting_seating__goalB,train,cross_split,0.3789
dino_cosine,h8m_recep_junction__goalB,test,h8m_lobby_vending_nearfar__goalA,train,cross_split,0.4456
ahash,h8m_recep_junction__goalB,test,h8m_lobby_vending_nearfar__goalA,train,cross_split,0.2969
ssim,h8m_recep_junction__goalB,test,h8m_lobby_vending_nearfar__goalA,train,cross_split,0.3323
dino_cosine,h8m_recep_junction__goalB,test,h8m_lobby_vending_nearfar__goalB,train,cross_split,0.3901
ahash,h8m_recep_junction__goalB,test,h8m_lobby_vending_nearfar__goalB,train,cross_split,0.3086
ssim,h8m_recep_junction__goalB,test,h8m_lobby_vending_nearfar__goalB,train,cross_split,0.3253
dino_cosine,h8m_recep_junction__goalB,test,h8m_east_vending_nearfar__goalA,val,cross_split,0.3709
ahash,h8m_recep_junction__goalB,test,h8m_east_vending_nearfar__goalA,val,cross_split,0.3281
ssim,h8m_recep_junction__goalB,test,h8m_east_vending_nearfar__goalA,val,cross_split,0.3449
dino_cosine,h8m_recep_junction__goalB,test,h8m_east_vending_nearfar__goalB,val,cross_split,0.4126
ahash,h8m_recep_junction__goalB,test,h8m_east_vending_nearfar__goalB,val,cross_split,0.3203
ssim,h8m_recep_junction__goalB,test,h8m_east_vending_nearfar__goalB,val,cross_split,0.3538
dino_cosine,h8m_recep_junction__goalB,test,h8m_lookalike_confuser__goalA,hard_negative,cross_split,0.2871
ahash,h8m_recep_junction__goalB,test,h8m_lookalike_confuser__goalA,hard_negative,cross_split,0.3633
ssim,h8m_recep_junction__goalB,test,h8m_lookalike_confuser__goalA,hard_negative,cross_split,0.2817
dino_cosine,h8m_recep_junction__goalB,test,h8m_lookalike_confuser__goalB,hard_negative,cross_split,0.5144
ahash,h8m_recep_junction__goalB,test,h8m_lookalike_confuser__goalB,hard_negative,cross_split,0.6211
ssim,h8m_recep_junction__goalB,test,h8m_lookalike_confuser__goalB,hard_negative,cross_split,0.4961
dino_cosine,h8m_recep_junction__goalB,test,placeholder_h2_weave_J,hard_negative,cross_split,0.4891
ahash,h8m_recep_junction__goalB,test,placeholder_h2_weave_J,hard_negative,cross_split,0.6289
ssim,h8m_recep_junction__goalB,test,placeholder_h2_weave_J,hard_negative,cross_split,0.4218
dino_cosine,h8m_recep_fork__goalA,test,h8m_recep_fork__goalB,test,within_zone,0.6626
ahash,h8m_recep_fork__goalA,test,h8m_recep_fork__goalB,test,within_zone,0.5
ssim,h8m_recep_fork__goalA,test,h8m_recep_fork__goalB,test,within_zone,0.3576
dino_cosine,h8m_recep_fork__goalA,test,h8m_recep_desk_multiobj__goalA,train,cross_split,0.4798
ahash,h8m_recep_fork__goalA,test,h8m_recep_desk_multiobj__goalA,train,cross_split,0.4297
ssim,h8m_recep_fork__goalA,test,h8m_recep_desk_multiobj__goalA,train,cross_split,0.2026
dino_cosine,h8m_recep_fork__goalA,test,h8m_recep_desk_multiobj__goalB,train,cross_split,0.3277
ahash,h8m_recep_fork__goalA,test,h8m_recep_desk_multiobj__goalB,train,cross_split,0.4492
ssim,h8m_recep_fork__goalA,test,h8m_recep_desk_multiobj__goalB,train,cross_split,0.439
dino_cosine,h8m_recep_fork__goalA,test,h8m_side_corridor__goalA,val,cross_split,0.6879
ahash,h8m_recep_fork__goalA,test,h8m_side_corridor__goalA,val,cross_split,0.6172
ssim,h8m_recep_fork__goalA,test,h8m_side_corridor__goalA,val,cross_split,0.8014
dino_cosine,h8m_recep_fork__goalA,test,h8m_side_corridor__goalB,val,cross_split,0.4339
ahash,h8m_recep_fork__goalA,test,h8m_side_corridor__goalB,val,cross_split,0.3828
ssim,h8m_recep_fork__goalA,test,h8m_side_corridor__goalB,val,cross_split,0.5405
dino_cosine,h8m_recep_fork__goalA,test,h8m_waiting_seating__goalA,train,cross_split,0.3319
ahash,h8m_recep_fork__goalA,test,h8m_waiting_seating__goalA,train,cross_split,0.4453
ssim,h8m_recep_fork__goalA,test,h8m_waiting_seating__goalA,train,cross_split,0.5487
dino_cosine,h8m_recep_fork__goalA,test,h8m_waiting_seating__goalB,train,cross_split,0.349
ahash,h8m_recep_fork__goalA,test,h8m_waiting_seating__goalB,train,cross_split,0.4258
ssim,h8m_recep_fork__goalA,test,h8m_waiting_seating__goalB,train,cross_split,0.5202
dino_cosine,h8m_recep_fork__goalA,test,h8m_lobby_vending_nearfar__goalA,train,cross_split,0.4489
ahash,h8m_recep_fork__goalA,test,h8m_lobby_vending_nearfar__goalA,train,cross_split,0.4609
ssim,h8m_recep_fork__goalA,test,h8m_lobby_vending_nearfar__goalA,train,cross_split,0.4546
dino_cosine,h8m_recep_fork__goalA,test,h8m_lobby_vending_nearfar__goalB,train,cross_split,0.306
ahash,h8m_recep_fork__goalA,test,h8m_lobby_vending_nearfar__goalB,train,cross_split,0.4414
ssim,h8m_recep_fork__goalA,test,h8m_lobby_vending_nearfar__goalB,train,cross_split,0.4521
dino_cosine,h8m_recep_fork__goalA,test,h8m_east_vending_nearfar__goalA,val,cross_split,0.2931
ahash,h8m_recep_fork__goalA,test,h8m_east_vending_nearfar__goalA,val,cross_split,0.4141
ssim,h8m_recep_fork__goalA,test,h8m_east_vending_nearfar__goalA,val,cross_split,0.4729
dino_cosine,h8m_recep_fork__goalA,test,h8m_east_vending_nearfar__goalB,val,cross_split,0.3244
ahash,h8m_recep_fork__goalA,test,h8m_east_vending_nearfar__goalB,val,cross_split,0.3984
ssim,h8m_recep_fork__goalA,test,h8m_east_vending_nearfar__goalB,val,cross_split,0.4793
dino_cosine,h8m_recep_fork__goalA,test,h8m_lookalike_confuser__goalA,hard_negative,cross_split,0.2534
ahash,h8m_recep_fork__goalA,test,h8m_lookalike_confuser__goalA,hard_negative,cross_split,0.5273
ssim,h8m_recep_fork__goalA,test,h8m_lookalike_confuser__goalA,hard_negative,cross_split,0.4483
dino_cosine,h8m_recep_fork__goalA,test,h8m_lookalike_confuser__goalB,hard_negative,cross_split,0.5179
ahash,h8m_recep_fork__goalA,test,h8m_lookalike_confuser__goalB,hard_negative,cross_split,0.5117
ssim,h8m_recep_fork__goalA,test,h8m_lookalike_confuser__goalB,hard_negative,cross_split,0.5851
dino_cosine,h8m_recep_fork__goalA,test,placeholder_h2_weave_J,hard_negative,cross_split,0.5111
ahash,h8m_recep_fork__goalA,test,placeholder_h2_weave_J,hard_negative,cross_split,0.5898
ssim,h8m_recep_fork__goalA,test,placeholder_h2_weave_J,hard_negative,cross_split,0.3364
dino_cosine,h8m_recep_fork__goalB,test,h8m_recep_desk_multiobj__goalA,train,cross_split,0.4818
ahash,h8m_recep_fork__goalB,test,h8m_recep_desk_multiobj__goalA,train,cross_split,0.4141
ssim,h8m_recep_fork__goalB,test,h8m_recep_desk_multiobj__goalA,train,cross_split,0.5468
dino_cosine,h8m_recep_fork__goalB,test,h8m_recep_desk_multiobj__goalB,train,cross_split,0.4052
ahash,h8m_recep_fork__goalB,test,h8m_recep_desk_multiobj__goalB,train,cross_split,0.4648
ssim,h8m_recep_fork__goalB,test,h8m_recep_desk_multiobj__goalB,train,cross_split,0.3464
dino_cosine,h8m_recep_fork__goalB,test,h8m_side_corridor__goalA,val,cross_split,0.5703
ahash,h8m_recep_fork__goalB,test,h8m_side_corridor__goalA,val,cross_split,0.3438
ssim,h8m_recep_fork__goalB,test,h8m_side_corridor__goalA,val,cross_split,0.3838
dino_cosine,h8m_recep_fork__goalB,test,h8m_side_corridor__goalB,val,cross_split,0.5495
ahash,h8m_recep_fork__goalB,test,h8m_side_corridor__goalB,val,cross_split,0.3984
ssim,h8m_recep_fork__goalB,test,h8m_side_corridor__goalB,val,cross_split,0.3154
dino_cosine,h8m_recep_fork__goalB,test,h8m_waiting_seating__goalA,train,cross_split,0.3961
ahash,h8m_recep_fork__goalB,test,h8m_waiting_seating__goalA,train,cross_split,0.4219
ssim,h8m_recep_fork__goalB,test,h8m_waiting_seating__goalA,train,cross_split,0.2971
dino_cosine,h8m_recep_fork__goalB,test,h8m_waiting_seating__goalB,train,cross_split,0.4724
ahash,h8m_recep_fork__goalB,test,h8m_waiting_seating__goalB,train,cross_split,0.5586
ssim,h8m_recep_fork__goalB,test,h8m_waiting_seating__goalB,train,cross_split,0.3991
dino_cosine,h8m_recep_fork__goalB,test,h8m_lobby_vending_nearfar__goalA,train,cross_split,0.5393
ahash,h8m_recep_fork__goalB,test,h8m_lobby_vending_nearfar__goalA,train,cross_split,0.3594
ssim,h8m_recep_fork__goalB,test,h8m_lobby_vending_nearfar__goalA,train,cross_split,0.3533
dino_cosine,h8m_recep_fork__goalB,test,h8m_lobby_vending_nearfar__goalB,train,cross_split,0.4236
ahash,h8m_recep_fork__goalB,test,h8m_lobby_vending_nearfar__goalB,train,cross_split,0.3633
ssim,h8m_recep_fork__goalB,test,h8m_lobby_vending_nearfar__goalB,train,cross_split,0.3362
dino_cosine,h8m_recep_fork__goalB,test,h8m_east_vending_nearfar__goalA,val,cross_split,0.4071
ahash,h8m_recep_fork__goalB,test,h8m_east_vending_nearfar__goalA,val,cross_split,0.3359
ssim,h8m_recep_fork__goalB,test,h8m_east_vending_nearfar__goalA,val,cross_split,0.3176
dino_cosine,h8m_recep_fork__goalB,test,h8m_east_vending_nearfar__goalB,val,cross_split,0.437
ahash,h8m_recep_fork__goalB,test,h8m_east_vending_nearfar__goalB,val,cross_split,0.3438
ssim,h8m_recep_fork__goalB,test,h8m_east_vending_nearfar__goalB,val,cross_split,0.3201
dino_cosine,h8m_recep_fork__goalB,test,h8m_lookalike_confuser__goalA,hard_negative,cross_split,0.3517
ahash,h8m_recep_fork__goalB,test,h8m_lookalike_confuser__goalA,hard_negative,cross_split,0.5273
ssim,h8m_recep_fork__goalB,test,h8m_lookalike_confuser__goalA,hard_negative,cross_split,0.2783
dino_cosine,h8m_recep_fork__goalB,test,h8m_lookalike_confuser__goalB,hard_negative,cross_split,0.5641
ahash,h8m_recep_fork__goalB,test,h8m_lookalike_confuser__goalB,hard_negative,cross_split,0.8008
ssim,h8m_recep_fork__goalB,test,h8m_lookalike_confuser__goalB,hard_negative,cross_split,0.4971
dino_cosine,h8m_recep_fork__goalB,test,placeholder_h2_weave_J,hard_negative,cross_split,0.5438
ahash,h8m_recep_fork__goalB,test,placeholder_h2_weave_J,hard_negative,cross_split,0.5898
ssim,h8m_recep_fork__goalB,test,placeholder_h2_weave_J,hard_negative,cross_split,0.2802
dino_cosine,h8m_recep_desk_multiobj__goalA,train,h8m_recep_desk_multiobj__goalB,train,within_zone,0.232
ahash,h8m_recep_desk_multiobj__goalA,train,h8m_recep_desk_multiobj__goalB,train,within_zone,0.707
ssim,h8m_recep_desk_multiobj__goalA,train,h8m_recep_desk_multiobj__goalB,train,within_zone,0.356
dino_cosine,h8m_recep_desk_multiobj__goalA,train,h8m_side_corridor__goalA,val,cross_split,0.4655
ahash,h8m_recep_desk_multiobj__goalA,train,h8m_side_corridor__goalA,val,cross_split,0.3203
ssim,h8m_recep_desk_multiobj__goalA,train,h8m_side_corridor__goalA,val,cross_split,0.2718
dino_cosine,h8m_recep_desk_multiobj__goalA,train,h8m_side_corridor__goalB,val,cross_split,0.3196
ahash,h8m_recep_desk_multiobj__goalA,train,h8m_side_corridor__goalB,val,cross_split,0.5703
ssim,h8m_recep_desk_multiobj__goalA,train,h8m_side_corridor__goalB,val,cross_split,0.3414
dino_cosine,h8m_recep_desk_multiobj__goalA,train,h8m_waiting_seating__goalA,train,within_split,0.2686
ahash,h8m_recep_desk_multiobj__goalA,train,h8m_waiting_seating__goalA,train,within_split,0.75
ssim,h8m_recep_desk_multiobj__goalA,train,h8m_waiting_seating__goalA,train,within_split,0.2841
dino_cosine,h8m_recep_desk_multiobj__goalA,train,h8m_waiting_seating__goalB,train,within_split,0.2354
ahash,h8m_recep_desk_multiobj__goalA,train,h8m_waiting_seating__goalB,train,within_split,0.6602
ssim,h8m_recep_desk_multiobj__goalA,train,h8m_waiting_seating__goalB,train,within_split,0.397
dino_cosine,h8m_recep_desk_multiobj__goalA,train,h8m_lobby_vending_nearfar__goalA,train,within_split,0.2974
ahash,h8m_recep_desk_multiobj__goalA,train,h8m_lobby_vending_nearfar__goalA,train,within_split,0.7578
ssim,h8m_recep_desk_multiobj__goalA,train,h8m_lobby_vending_nearfar__goalA,train,within_split,0.4591
dino_cosine,h8m_recep_desk_multiobj__goalA,train,h8m_lobby_vending_nearfar__goalB,train,within_split,0.2634
ahash,h8m_recep_desk_multiobj__goalA,train,h8m_lobby_vending_nearfar__goalB,train,within_split,0.7539
ssim,h8m_recep_desk_multiobj__goalA,train,h8m_lobby_vending_nearfar__goalB,train,within_split,0.436
dino_cosine,h8m_recep_desk_multiobj__goalA,train,h8m_east_vending_nearfar__goalA,val,cross_split,0.2639
ahash,h8m_recep_desk_multiobj__goalA,train,h8m_east_vending_nearfar__goalA,val,cross_split,0.75
ssim,h8m_recep_desk_multiobj__goalA,train,h8m_east_vending_nearfar__goalA,val,cross_split,0.4102
dino_cosine,h8m_recep_desk_multiobj__goalA,train,h8m_east_vending_nearfar__goalB,val,cross_split,0.3101
ahash,h8m_recep_desk_multiobj__goalA,train,h8m_east_vending_nearfar__goalB,val,cross_split,0.75
ssim,h8m_recep_desk_multiobj__goalA,train,h8m_east_vending_nearfar__goalB,val,cross_split,0.4105
dino_cosine,h8m_recep_desk_multiobj__goalA,train,h8m_lookalike_confuser__goalA,hard_negative,cross_split,0.1853
ahash,h8m_recep_desk_multiobj__goalA,train,h8m_lookalike_confuser__goalA,hard_negative,cross_split,0.7148
ssim,h8m_recep_desk_multiobj__goalA,train,h8m_lookalike_confuser__goalA,hard_negative,cross_split,0.2372
dino_cosine,h8m_recep_desk_multiobj__goalA,train,h8m_lookalike_confuser__goalB,hard_negative,cross_split,0.3921
ahash,h8m_recep_desk_multiobj__goalA,train,h8m_lookalike_confuser__goalB,hard_negative,cross_split,0.3086
ssim,h8m_recep_desk_multiobj__goalA,train,h8m_lookalike_confuser__goalB,hard_negative,cross_split,0.4639
dino_cosine,h8m_recep_desk_multiobj__goalA,train,placeholder_h2_weave_J,hard_negative,cross_split,0.4214
ahash,h8m_recep_desk_multiobj__goalA,train,placeholder_h2_weave_J,hard_negative,cross_split,0.2383
ssim,h8m_recep_desk_multiobj__goalA,train,placeholder_h2_weave_J,hard_negative,cross_split,0.2786
dino_cosine,h8m_recep_desk_multiobj__goalB,train,h8m_side_corridor__goalA,val,cross_split,0.262
ahash,h8m_recep_desk_multiobj__goalB,train,h8m_side_corridor__goalA,val,cross_split,0.3242
ssim,h8m_recep_desk_multiobj__goalB,train,h8m_side_corridor__goalA,val,cross_split,0.467
dino_cosine,h8m_recep_desk_multiobj__goalB,train,h8m_side_corridor__goalB,val,cross_split,0.6995
ahash,h8m_recep_desk_multiobj__goalB,train,h8m_side_corridor__goalB,val,cross_split,0.5664
ssim,h8m_recep_desk_multiobj__goalB,train,h8m_side_corridor__goalB,val,cross_split,0.5206
dino_cosine,h8m_recep_desk_multiobj__goalB,train,h8m_waiting_seating__goalA,train,within_split,0.46
ahash,h8m_recep_desk_multiobj__goalB,train,h8m_waiting_seating__goalA,train,within_split,0.7383
ssim,h8m_recep_desk_multiobj__goalB,train,h8m_waiting_seating__goalA,train,within_split,0.531
dino_cosine,h8m_recep_desk_multiobj__goalB,train,h8m_waiting_seating__goalB,train,within_split,0.4695
ahash,h8m_recep_desk_multiobj__goalB,train,h8m_waiting_seating__goalB,train,within_split,0.6719
ssim,h8m_recep_desk_multiobj__goalB,train,h8m_waiting_seating__goalB,train,within_split,0.5504
dino_cosine,h8m_recep_desk_multiobj__goalB,train,h8m_lobby_vending_nearfar__goalA,train,within_split,0.7835
ahash,h8m_recep_desk_multiobj__goalB,train,h8m_lobby_vending_nearfar__goalA,train,within_split,0.6758
ssim,h8m_recep_desk_multiobj__goalB,train,h8m_lobby_vending_nearfar__goalA,train,within_split,0.5063
dino_cosine,h8m_recep_desk_multiobj__goalB,train,h8m_lobby_vending_nearfar__goalB,train,within_split,0.8654
ahash,h8m_recep_desk_multiobj__goalB,train,h8m_lobby_vending_nearfar__goalB,train,within_split,0.6328
ssim,h8m_recep_desk_multiobj__goalB,train,h8m_lobby_vending_nearfar__goalB,train,within_split,0.4954
dino_cosine,h8m_recep_desk_multiobj__goalB,train,h8m_east_vending_nearfar__goalA,val,cross_split,0.8543
ahash,h8m_recep_desk_multiobj__goalB,train,h8m_east_vending_nearfar__goalA,val,cross_split,0.6523
ssim,h8m_recep_desk_multiobj__goalB,train,h8m_east_vending_nearfar__goalA,val,cross_split,0.5016
dino_cosine,h8m_recep_desk_multiobj__goalB,train,h8m_east_vending_nearfar__goalB,val,cross_split,0.8446
ahash,h8m_recep_desk_multiobj__goalB,train,h8m_east_vending_nearfar__goalB,val,cross_split,0.6445
ssim,h8m_recep_desk_multiobj__goalB,train,h8m_east_vending_nearfar__goalB,val,cross_split,0.5249
dino_cosine,h8m_recep_desk_multiobj__goalB,train,h8m_lookalike_confuser__goalA,hard_negative,cross_split,0.7676
ahash,h8m_recep_desk_multiobj__goalB,train,h8m_lookalike_confuser__goalA,hard_negative,cross_split,0.6562
ssim,h8m_recep_desk_multiobj__goalB,train,h8m_lookalike_confuser__goalA,hard_negative,cross_split,0.4566
dino_cosine,h8m_recep_desk_multiobj__goalB,train,h8m_lookalike_confuser__goalB,hard_negative,cross_split,0.4906
ahash,h8m_recep_desk_multiobj__goalB,train,h8m_lookalike_confuser__goalB,hard_negative,cross_split,0.3828
ssim,h8m_recep_desk_multiobj__goalB,train,h8m_lookalike_confuser__goalB,hard_negative,cross_split,0.5486
dino_cosine,h8m_recep_desk_multiobj__goalB,train,placeholder_h2_weave_J,hard_negative,cross_split,0.4773
ahash,h8m_recep_desk_multiobj__goalB,train,placeholder_h2_weave_J,hard_negative,cross_split,0.3516
ssim,h8m_recep_desk_multiobj__goalB,train,placeholder_h2_weave_J,hard_negative,cross_split,0.2912
dino_cosine,h8m_side_corridor__goalA,val,h8m_side_corridor__goalB,val,within_zone,0.4077
ahash,h8m_side_corridor__goalA,val,h8m_side_corridor__goalB,val,within_zone,0.4922
ssim,h8m_side_corridor__goalA,val,h8m_side_corridor__goalB,val,within_zone,0.6088
dino_cosine,h8m_side_corridor__goalA,val,h8m_waiting_seating__goalA,train,cross_split,0.2907
ahash,h8m_side_corridor__goalA,val,h8m_waiting_seating__goalA,train,cross_split,0.3359
ssim,h8m_side_corridor__goalA,val,h8m_waiting_seating__goalA,train,cross_split,0.5306
dino_cosine,h8m_side_corridor__goalA,val,h8m_waiting_seating__goalB,train,cross_split,0.2675
ahash,h8m_side_corridor__goalA,val,h8m_waiting_seating__goalB,train,cross_split,0.2539
ssim,h8m_side_corridor__goalA,val,h8m_waiting_seating__goalB,train,cross_split,0.5359
dino_cosine,h8m_side_corridor__goalA,val,h8m_lobby_vending_nearfar__goalA,train,cross_split,0.3159
ahash,h8m_side_corridor__goalA,val,h8m_lobby_vending_nearfar__goalA,train,cross_split,0.3672
ssim,h8m_side_corridor__goalA,val,h8m_lobby_vending_nearfar__goalA,train,cross_split,0.5066
dino_cosine,h8m_side_corridor__goalA,val,h8m_lobby_vending_nearfar__goalB,train,cross_split,0.2633
ahash,h8m_side_corridor__goalA,val,h8m_lobby_vending_nearfar__goalB,train,cross_split,0.3867
ssim,h8m_side_corridor__goalA,val,h8m_lobby_vending_nearfar__goalB,train,cross_split,0.5094
dino_cosine,h8m_side_corridor__goalA,val,h8m_east_vending_nearfar__goalA,val,within_split,0.2676
ahash,h8m_side_corridor__goalA,val,h8m_east_vending_nearfar__goalA,val,within_split,0.4141
ssim,h8m_side_corridor__goalA,val,h8m_east_vending_nearfar__goalA,val,within_split,0.5405
dino_cosine,h8m_side_corridor__goalA,val,h8m_east_vending_nearfar__goalB,val,within_split,0.2995
ahash,h8m_side_corridor__goalA,val,h8m_east_vending_nearfar__goalB,val,within_split,0.4297
ssim,h8m_side_corridor__goalA,val,h8m_east_vending_nearfar__goalB,val,within_split,0.5518
dino_cosine,h8m_side_corridor__goalA,val,h8m_lookalike_confuser__goalA,hard_negative,cross_split,0.1858
ahash,h8m_side_corridor__goalA,val,h8m_lookalike_confuser__goalA,hard_negative,cross_split,0.3008
ssim,h8m_side_corridor__goalA,val,h8m_lookalike_confuser__goalA,hard_negative,cross_split,0.4163
dino_cosine,h8m_side_corridor__goalA,val,h8m_lookalike_confuser__goalB,hard_negative,cross_split,0.4107
ahash,h8m_side_corridor__goalA,val,h8m_lookalike_confuser__goalB,hard_negative,cross_split,0.418
ssim,h8m_side_corridor__goalA,val,h8m_lookalike_confuser__goalB,hard_negative,cross_split,0.6611
dino_cosine,h8m_side_corridor__goalA,val,placeholder_h2_weave_J,hard_negative,cross_split,0.4303
ahash,h8m_side_corridor__goalA,val,placeholder_h2_weave_J,hard_negative,cross_split,0.6602
ssim,h8m_side_corridor__goalA,val,placeholder_h2_weave_J,hard_negative,cross_split,0.4157
dino_cosine,h8m_side_corridor__goalB,val,h8m_waiting_seating__goalA,train,cross_split,0.5039
ahash,h8m_side_corridor__goalB,val,h8m_waiting_seating__goalA,train,cross_split,0.7266
ssim,h8m_side_corridor__goalB,val,h8m_waiting_seating__goalA,train,cross_split,0.5548
dino_cosine,h8m_side_corridor__goalB,val,h8m_waiting_seating__goalB,train,cross_split,0.5994
ahash,h8m_side_corridor__goalB,val,h8m_waiting_seating__goalB,train,cross_split,0.543
ssim,h8m_side_corridor__goalB,val,h8m_waiting_seating__goalB,train,cross_split,0.5933
dino_cosine,h8m_side_corridor__goalB,val,h8m_lobby_vending_nearfar__goalA,train,cross_split,0.8147
ahash,h8m_side_corridor__goalB,val,h8m_lobby_vending_nearfar__goalA,train,cross_split,0.6641
ssim,h8m_side_corridor__goalB,val,h8m_lobby_vending_nearfar__goalA,train,cross_split,0.5513
dino_cosine,h8m_side_corridor__goalB,val,h8m_lobby_vending_nearfar__goalB,train,cross_split,0.7358
ahash,h8m_side_corridor__goalB,val,h8m_lobby_vending_nearfar__goalB,train,cross_split,0.6758
ssim,h8m_side_corridor__goalB,val,h8m_lobby_vending_nearfar__goalB,train,cross_split,0.566
dino_cosine,h8m_side_corridor__goalB,val,h8m_east_vending_nearfar__goalA,val,within_split,0.7263
ahash,h8m_side_corridor__goalB,val,h8m_east_vending_nearfar__goalA,val,within_split,0.7344
ssim,h8m_side_corridor__goalB,val,h8m_east_vending_nearfar__goalA,val,within_split,0.6147
dino_cosine,h8m_side_corridor__goalB,val,h8m_east_vending_nearfar__goalB,val,within_split,0.7847
ahash,h8m_side_corridor__goalB,val,h8m_east_vending_nearfar__goalB,val,within_split,0.7266
ssim,h8m_side_corridor__goalB,val,h8m_east_vending_nearfar__goalB,val,within_split,0.6277
dino_cosine,h8m_side_corridor__goalB,val,h8m_lookalike_confuser__goalA,hard_negative,cross_split,0.4694
ahash,h8m_side_corridor__goalB,val,h8m_lookalike_confuser__goalA,hard_negative,cross_split,0.4805
ssim,h8m_side_corridor__goalB,val,h8m_lookalike_confuser__goalA,hard_negative,cross_split,0.4498
dino_cosine,h8m_side_corridor__goalB,val,h8m_lookalike_confuser__goalB,hard_negative,cross_split,0.6237
ahash,h8m_side_corridor__goalB,val,h8m_lookalike_confuser__goalB,hard_negative,cross_split,0.5039
ssim,h8m_side_corridor__goalB,val,h8m_lookalike_confuser__goalB,hard_negative,cross_split,0.6428
dino_cosine,h8m_side_corridor__goalB,val,placeholder_h2_weave_J,hard_negative,cross_split,0.6971
ahash,h8m_side_corridor__goalB,val,placeholder_h2_weave_J,hard_negative,cross_split,0.3164
ssim,h8m_side_corridor__goalB,val,placeholder_h2_weave_J,hard_negative,cross_split,0.2711
dino_cosine,h8m_waiting_seating__goalA,train,h8m_waiting_seating__goalB,train,within_zone,0.7749
ahash,h8m_waiting_seating__goalA,train,h8m_waiting_seating__goalB,train,within_zone,0.6914
ssim,h8m_waiting_seating__goalA,train,h8m_waiting_seating__goalB,train,within_zone,0.5936
dino_cosine,h8m_waiting_seating__goalA,train,h8m_lobby_vending_nearfar__goalA,train,within_split,0.5415
ahash,h8m_waiting_seating__goalA,train,h8m_lobby_vending_nearfar__goalA,train,within_split,0.8281
ssim,h8m_waiting_seating__goalA,train,h8m_lobby_vending_nearfar__goalA,train,within_split,0.5165
dino_cosine,h8m_waiting_seating__goalA,train,h8m_lobby_vending_nearfar__goalB,train,within_split,0.5144
ahash,h8m_waiting_seating__goalA,train,h8m_lobby_vending_nearfar__goalB,train,within_split,0.8086
ssim,h8m_waiting_seating__goalA,train,h8m_lobby_vending_nearfar__goalB,train,within_split,0.511
dino_cosine,h8m_waiting_seating__goalA,train,h8m_east_vending_nearfar__goalA,val,cross_split,0.4705
ahash,h8m_waiting_seating__goalA,train,h8m_east_vending_nearfar__goalA,val,cross_split,0.8281
ssim,h8m_waiting_seating__goalA,train,h8m_east_vending_nearfar__goalA,val,cross_split,0.5251
dino_cosine,h8m_waiting_seating__goalA,train,h8m_east_vending_nearfar__goalB,val,cross_split,0.501
ahash,h8m_waiting_seating__goalA,train,h8m_east_vending_nearfar__goalB,val,cross_split,0.8047
ssim,h8m_waiting_seating__goalA,train,h8m_east_vending_nearfar__goalB,val,cross_split,0.5311
dino_cosine,h8m_waiting_seating__goalA,train,h8m_lookalike_confuser__goalA,hard_negative,cross_split,0.4026
ahash,h8m_waiting_seating__goalA,train,h8m_lookalike_confuser__goalA,hard_negative,cross_split,0.6758
ssim,h8m_waiting_seating__goalA,train,h8m_lookalike_confuser__goalA,hard_negative,cross_split,0.4816
dino_cosine,h8m_waiting_seating__goalA,train,h8m_lookalike_confuser__goalB,hard_negative,cross_split,0.3527
ahash,h8m_waiting_seating__goalA,train,h8m_lookalike_confuser__goalB,hard_negative,cross_split,0.3398
ssim,h8m_waiting_seating__goalA,train,h8m_lookalike_confuser__goalB,hard_negative,cross_split,0.5679
dino_cosine,h8m_waiting_seating__goalA,train,placeholder_h2_weave_J,hard_negative,cross_split,0.4024
ahash,h8m_waiting_seating__goalA,train,placeholder_h2_weave_J,hard_negative,cross_split,0.1836
ssim,h8m_waiting_seating__goalA,train,placeholder_h2_weave_J,hard_negative,cross_split,0.2392
dino_cosine,h8m_waiting_seating__goalB,train,h8m_lobby_vending_nearfar__goalA,train,within_split,0.6063
ahash,h8m_waiting_seating__goalB,train,h8m_lobby_vending_nearfar__goalA,train,within_split,0.6211
ssim,h8m_waiting_seating__goalB,train,h8m_lobby_vending_nearfar__goalA,train,within_split,0.604
dino_cosine,h8m_waiting_seating__goalB,train,h8m_lobby_vending_nearfar__goalB,train,within_split,0.4941
ahash,h8m_waiting_seating__goalB,train,h8m_lobby_vending_nearfar__goalB,train,within_split,0.6328
ssim,h8m_waiting_seating__goalB,train,h8m_lobby_vending_nearfar__goalB,train,within_split,0.5945
dino_cosine,h8m_waiting_seating__goalB,train,h8m_east_vending_nearfar__goalA,val,cross_split,0.458
ahash,h8m_waiting_seating__goalB,train,h8m_east_vending_nearfar__goalA,val,cross_split,0.6211
ssim,h8m_waiting_seating__goalB,train,h8m_east_vending_nearfar__goalA,val,cross_split,0.5885
dino_cosine,h8m_waiting_seating__goalB,train,h8m_east_vending_nearfar__goalB,val,cross_split,0.497
ahash,h8m_waiting_seating__goalB,train,h8m_east_vending_nearfar__goalB,val,cross_split,0.6211
ssim,h8m_waiting_seating__goalB,train,h8m_east_vending_nearfar__goalB,val,cross_split,0.5966
dino_cosine,h8m_waiting_seating__goalB,train,h8m_lookalike_confuser__goalA,hard_negative,cross_split,0.3912
ahash,h8m_waiting_seating__goalB,train,h8m_lookalike_confuser__goalA,hard_negative,cross_split,0.6406
ssim,h8m_waiting_seating__goalB,train,h8m_lookalike_confuser__goalA,hard_negative,cross_split,0.4696
dino_cosine,h8m_waiting_seating__goalB,train,h8m_lookalike_confuser__goalB,hard_negative,cross_split,0.5099
ahash,h8m_waiting_seating__goalB,train,h8m_lookalike_confuser__goalB,hard_negative,cross_split,0.5156
ssim,h8m_waiting_seating__goalB,train,h8m_lookalike_confuser__goalB,hard_negative,cross_split,0.6916
dino_cosine,h8m_waiting_seating__goalB,train,placeholder_h2_weave_J,hard_negative,cross_split,0.4656
ahash,h8m_waiting_seating__goalB,train,placeholder_h2_weave_J,hard_negative,cross_split,0.4219
ssim,h8m_waiting_seating__goalB,train,placeholder_h2_weave_J,hard_negative,cross_split,0.3199
dino_cosine,h8m_lobby_vending_nearfar__goalA,train,h8m_lobby_vending_nearfar__goalB,train,within_zone,0.8397
ahash,h8m_lobby_vending_nearfar__goalA,train,h8m_lobby_vending_nearfar__goalB,train,within_zone,0.9258
ssim,h8m_lobby_vending_nearfar__goalA,train,h8m_lobby_vending_nearfar__goalB,train,within_zone,0.7559
dino_cosine,h8m_lobby_vending_nearfar__goalA,train,h8m_east_vending_nearfar__goalA,val,cross_split,0.8021
ahash,h8m_lobby_vending_nearfar__goalA,train,h8m_east_vending_nearfar__goalA,val,cross_split,0.875
ssim,h8m_lobby_vending_nearfar__goalA,train,h8m_east_vending_nearfar__goalA,val,cross_split,0.6976
dino_cosine,h8m_lobby_vending_nearfar__goalA,train,h8m_east_vending_nearfar__goalB,val,cross_split,0.8218
ahash,h8m_lobby_vending_nearfar__goalA,train,h8m_east_vending_nearfar__goalB,val,cross_split,0.8594
ssim,h8m_lobby_vending_nearfar__goalA,train,h8m_east_vending_nearfar__goalB,val,cross_split,0.683
dino_cosine,h8m_lobby_vending_nearfar__goalA,train,h8m_lookalike_confuser__goalA,hard_negative,cross_split,0.5871
ahash,h8m_lobby_vending_nearfar__goalA,train,h8m_lookalike_confuser__goalA,hard_negative,cross_split,0.6992
ssim,h8m_lobby_vending_nearfar__goalA,train,h8m_lookalike_confuser__goalA,hard_negative,cross_split,0.4406
dino_cosine,h8m_lobby_vending_nearfar__goalA,train,h8m_lookalike_confuser__goalB,hard_negative,cross_split,0.5886
ahash,h8m_lobby_vending_nearfar__goalA,train,h8m_lookalike_confuser__goalB,hard_negative,cross_split,0.3086
ssim,h8m_lobby_vending_nearfar__goalA,train,h8m_lookalike_confuser__goalB,hard_negative,cross_split,0.6086
dino_cosine,h8m_lobby_vending_nearfar__goalA,train,placeholder_h2_weave_J,hard_negative,cross_split,0.6078
ahash,h8m_lobby_vending_nearfar__goalA,train,placeholder_h2_weave_J,hard_negative,cross_split,0.1367
ssim,h8m_lobby_vending_nearfar__goalA,train,placeholder_h2_weave_J,hard_negative,cross_split,0.31
dino_cosine,h8m_lobby_vending_nearfar__goalB,train,h8m_east_vending_nearfar__goalA,val,cross_split,0.914
ahash,h8m_lobby_vending_nearfar__goalB,train,h8m_east_vending_nearfar__goalA,val,cross_split,0.918
ssim,h8m_lobby_vending_nearfar__goalB,train,h8m_east_vending_nearfar__goalA,val,cross_split,0.7174
dino_cosine,h8m_lobby_vending_nearfar__goalB,train,h8m_east_vending_nearfar__goalB,val,cross_split,0.8818
ahash,h8m_lobby_vending_nearfar__goalB,train,h8m_east_vending_nearfar__goalB,val,cross_split,0.9023
ssim,h8m_lobby_vending_nearfar__goalB,train,h8m_east_vending_nearfar__goalB,val,cross_split,0.6984
dino_cosine,h8m_lobby_vending_nearfar__goalB,train,h8m_lookalike_confuser__goalA,hard_negative,cross_split,0.712
ahash,h8m_lobby_vending_nearfar__goalB,train,h8m_lookalike_confuser__goalA,hard_negative,cross_split,0.6719
ssim,h8m_lobby_vending_nearfar__goalB,train,h8m_lookalike_confuser__goalA,hard_negative,cross_split,0.4349
dino_cosine,h8m_lobby_vending_nearfar__goalB,train,h8m_lookalike_confuser__goalB,hard_negative,cross_split,0.5105
ahash,h8m_lobby_vending_nearfar__goalB,train,h8m_lookalike_confuser__goalB,hard_negative,cross_split,0.3516
ssim,h8m_lobby_vending_nearfar__goalB,train,h8m_lookalike_confuser__goalB,hard_negative,cross_split,0.5945
dino_cosine,h8m_lobby_vending_nearfar__goalB,train,placeholder_h2_weave_J,hard_negative,cross_split,0.5531
ahash,h8m_lobby_vending_nearfar__goalB,train,placeholder_h2_weave_J,hard_negative,cross_split,0.1484
ssim,h8m_lobby_vending_nearfar__goalB,train,placeholder_h2_weave_J,hard_negative,cross_split,0.3067
dino_cosine,h8m_east_vending_nearfar__goalA,val,h8m_east_vending_nearfar__goalB,val,within_zone,0.9092
ahash,h8m_east_vending_nearfar__goalA,val,h8m_east_vending_nearfar__goalB,val,within_zone,0.9453
ssim,h8m_east_vending_nearfar__goalA,val,h8m_east_vending_nearfar__goalB,val,within_zone,0.7803
dino_cosine,h8m_east_vending_nearfar__goalA,val,h8m_lookalike_confuser__goalA,hard_negative,cross_split,0.6867
ahash,h8m_east_vending_nearfar__goalA,val,h8m_lookalike_confuser__goalA,hard_negative,cross_split,0.6523
ssim,h8m_east_vending_nearfar__goalA,val,h8m_lookalike_confuser__goalA,hard_negative,cross_split,0.4386
dino_cosine,h8m_east_vending_nearfar__goalA,val,h8m_lookalike_confuser__goalB,hard_negative,cross_split,0.4745
ahash,h8m_east_vending_nearfar__goalA,val,h8m_lookalike_confuser__goalB,hard_negative,cross_split,0.3477
ssim,h8m_east_vending_nearfar__goalA,val,h8m_lookalike_confuser__goalB,hard_negative,cross_split,0.6005
dino_cosine,h8m_east_vending_nearfar__goalA,val,placeholder_h2_weave_J,hard_negative,cross_split,0.5335
ahash,h8m_east_vending_nearfar__goalA,val,placeholder_h2_weave_J,hard_negative,cross_split,0.1602
ssim,h8m_east_vending_nearfar__goalA,val,placeholder_h2_weave_J,hard_negative,cross_split,0.299
dino_cosine,h8m_east_vending_nearfar__goalB,val,h8m_lookalike_confuser__goalA,hard_negative,cross_split,0.6691
ahash,h8m_east_vending_nearfar__goalB,val,h8m_lookalike_confuser__goalA,hard_negative,cross_split,0.6289
ssim,h8m_east_vending_nearfar__goalB,val,h8m_lookalike_confuser__goalA,hard_negative,cross_split,0.4433
dino_cosine,h8m_east_vending_nearfar__goalB,val,h8m_lookalike_confuser__goalB,hard_negative,cross_split,0.5155
ahash,h8m_east_vending_nearfar__goalB,val,h8m_lookalike_confuser__goalB,hard_negative,cross_split,0.3633
ssim,h8m_east_vending_nearfar__goalB,val,h8m_lookalike_confuser__goalB,hard_negative,cross_split,0.6157
dino_cosine,h8m_east_vending_nearfar__goalB,val,placeholder_h2_weave_J,hard_negative,cross_split,0.5416
ahash,h8m_east_vending_nearfar__goalB,val,placeholder_h2_weave_J,hard_negative,cross_split,0.1758
ssim,h8m_east_vending_nearfar__goalB,val,placeholder_h2_weave_J,hard_negative,cross_split,0.3059
dino_cosine,h8m_lookalike_confuser__goalA,hard_negative,h8m_lookalike_confuser__goalB,hard_negative,within_zone,0.365
ahash,h8m_lookalike_confuser__goalA,hard_negative,h8m_lookalike_confuser__goalB,hard_negative,within_zone,0.3906
ssim,h8m_lookalike_confuser__goalA,hard_negative,h8m_lookalike_confuser__goalB,hard_negative,within_zone,0.4506
dino_cosine,h8m_lookalike_confuser__goalA,hard_negative,placeholder_h2_weave_J,hard_negative,within_split,0.355
ahash,h8m_lookalike_confuser__goalA,hard_negative,placeholder_h2_weave_J,hard_negative,within_split,0.3438
ssim,h8m_lookalike_confuser__goalA,hard_negative,placeholder_h2_weave_J,hard_negative,within_split,0.2204
dino_cosine,h8m_lookalike_confuser__goalB,hard_negative,placeholder_h2_weave_J,hard_negative,within_split,0.7338
ahash,h8m_lookalike_confuser__goalB,hard_negative,placeholder_h2_weave_J,hard_negative,within_split,0.6797
ssim,h8m_lookalike_confuser__goalB,hard_negative,placeholder_h2_weave_J,hard_negative,within_split,0.4063
