folder,classification,rationale,scene_gate,prim_contact,camera_raise_m,resolution,black_band_frac,img_count,path_length_m,collisions,goal_id,controller_actual,in_h7r_root,immutable,eligible_for_h8_train_val_test,h8_exclusion_reason
h7r_corridor_01_20260714_045626,DEMONSTRATION_EVIDENCE,"gate-verified hospital, raised mount, clean frame, >=1 m motion, 0 collisions",True,False,0.12,640x480,0.0,2122,3.1212,0,h2_weave_J,scripted_expert,train,YES,NO,640x480 below canonical 1280x720 AND no episode-specific goal image
h7r_corridor_02_20260714_051150,DEMONSTRATION_EVIDENCE,"gate-verified hospital, raised mount, clean frame, >=1 m motion, 0 collisions",True,False,0.12,640x480,0.0,2123,3.2405,0,h2_weave_J,scripted_expert,val,YES,NO,640x480 below canonical 1280x720 AND no episode-specific goal image
h7r_reception_01_20260714_042711,DEMONSTRATION_EVIDENCE,"gate-verified hospital, raised mount, clean frame, >=1 m motion, 0 collisions",True,False,0.12,640x480,0.0,2117,5.7612,0,h2_weave_J,scripted_expert,train,YES,NO,640x480 below canonical 1280x720 AND no episode-specific goal image
h7r_reception_02_20260714_044133,DEMONSTRATION_EVIDENCE,"gate-verified hospital, raised mount, clean frame, >=1 m motion, 0 collisions",True,False,0.12,640x480,0.0,2122,5.439,0,h2_weave_J,scripted_expert,val,YES,NO,640x480 below canonical 1280x720 AND no episode-specific goal image
h7r_turn_01_20260714_052544,DEMONSTRATION_EVIDENCE,"gate-verified hospital, raised mount, clean frame, >=1 m motion, 0 collisions",True,False,0.12,640x480,0.0,2121,2.3931,0,h2_weave_J,scripted_expert,train,YES,NO,640x480 below canonical 1280x720 AND no episode-specific goal image
h7r_turn_02_20260714_054954,DEMONSTRATION_EVIDENCE,"gate-verified hospital, raised mount, clean frame, >=1 m motion, 0 collisions",True,False,0.12,640x480,0.0,2121,2.1083,0,h2_weave_J,scripted_expert,test,YES,NO,640x480 below canonical 1280x720 AND no episode-specific goal image
h7r_waiting_01_20260714_060451,DEMONSTRATION_EVIDENCE,"gate-verified hospital, raised mount, clean frame, >=1 m motion, 0 collisions",True,False,0.12,640x480,0.0,2124,4.9656,0,h2_weave_J,scripted_expert,train,YES,NO,640x480 below canonical 1280x720 AND no episode-specific goal image
h7r_waiting_02_20260714_062024,DEMONSTRATION_EVIDENCE,"gate-verified hospital, raised mount, clean frame, >=1 m motion, 0 collisions",True,False,0.12,640x480,0.0,2121,4.2906,0,h2_weave_J,scripted_expert,test,YES,NO,640x480 below canonical 1280x720 AND no episode-specific goal image
h8_d1_routeA_turn_up_20260714_154933,DEMONSTRATION_EVIDENCE,"gate-verified hospital, raised mount, clean frame, >=1 m motion, 0 collisions",True,False,0.12,640x480,0.0,1425,2.1082,0,h2_weave_J,scripted_expert,,YES,NO,640x480 below canonical 1280x720 AND no episode-specific goal image
h8_d1_routeB_straight_20260714_183358,DEMONSTRATION_EVIDENCE,"gate-verified hospital, raised mount, clean frame, >=1 m motion, 0 collisions",True,False,0.12,640x480,0.0,1453,2.138,0,h2_weave_J,scripted_expert,,YES,NO,640x480 below canonical 1280x720 AND no episode-specific goal image
h8_d2_routeA_fwdleft_20260714_184624,DEMONSTRATION_EVIDENCE,"gate-verified hospital, raised mount, clean frame, >=1 m motion, 0 collisions",True,False,0.12,640x480,0.0,1452,3.2857,0,h2_weave_J,scripted_expert,,YES,NO,640x480 below canonical 1280x720 AND no episode-specific goal image
h8_d2_routeB_fwdright_20260714_185908,DEMONSTRATION_EVIDENCE,"gate-verified hospital, raised mount, clean frame, >=1 m motion, 0 collisions",True,False,0.12,640x480,0.0,1445,3.1356,0,h2_weave_J,scripted_expert,,YES,NO,640x480 below canonical 1280x720 AND no episode-specific goal image
h8mx_val_lobby_20260714_223318,DEMONSTRATION_EVIDENCE,"gate-verified hospital, raised mount, clean frame, >=1 m motion, 0 collisions",True,False,0.12,640x480,0.0,1442,1.7025,0,h2_weave_J,scripted_expert,,YES,NO,640x480 below canonical 1280x720 AND no episode-specific goal image
authcmp_D_baseline_20260708_145214,DIAGNOSTIC_EVIDENCE,no admissible scene provenance,False,False,,640x480,,425,2.989,,hospital_holdout_short_D,inference_path_check,,YES,NO,640x480 below canonical 1280x720 AND no episode-specific goal image
authcmp_D_stopauth_20260708_145306,DIAGNOSTIC_EVIDENCE,no admissible scene provenance,False,False,,640x480,,254,1.0275,,hospital_holdout_short_D,inference_path_check,,YES,NO,640x480 below canonical 1280x720 AND no episode-specific goal image
authcmp_E_baseline_20260708_145441,DIAGNOSTIC_EVIDENCE,no admissible scene provenance,False,False,,640x480,,524,3.9864,,hospital_holdout_medium_E,inference_path_check,,YES,NO,640x480 below canonical 1280x720 AND no episode-specific goal image
authcmp_E_stopauth_20260708_145535,DIAGNOSTIC_EVIDENCE,no admissible scene provenance,False,False,,640x480,,391,2.3941,,hospital_holdout_medium_E,inference_path_check,,YES,NO,640x480 below canonical 1280x720 AND no episode-specific goal image
full_topics_20260708,DIAGNOSTIC_EVIDENCE,no admissible scene provenance,False,False,,640x480,0.3833,1376,,,,unlabelled,,YES,NO,640x480 below canonical 1280x720 AND no episode-specific goal image
gnm_closed_loop_20260708_031640,DIAGNOSTIC_EVIDENCE,no admissible scene provenance,False,False,,640x480,,129,0.0008,,,inference_path_check,,YES,NO,640x480 below canonical 1280x720 AND no episode-specific goal image
gnm_closed_loop_20260708_031730,DIAGNOSTIC_EVIDENCE,no admissible scene provenance,False,False,,640x480,,272,1.5932,,,inference_path_check,,YES,NO,640x480 below canonical 1280x720 AND no episode-specific goal image
gnm_closed_loop_20260708_043548,DIAGNOSTIC_EVIDENCE,no admissible scene provenance,False,False,,640x480,,289,1.5937,,bringup_stage_goal_A,inference_path_check,,YES,NO,640x480 below canonical 1280x720 AND no episode-specific goal image
gnm_closed_loop_20260708_044412,DIAGNOSTIC_EVIDENCE,no admissible scene provenance,False,False,,640x480,,277,1.5932,,bringup_stage_goal_A,inference_path_check,,YES,NO,640x480 below canonical 1280x720 AND no episode-specific goal image
h21_ft_H_a_20260710_021915,DIAGNOSTIC_EVIDENCE,no admissible scene provenance,False,False,,640x480,,1012,8.935,0,h2_long_turn_H,learned_gnm_driving,,YES,NO,640x480 below canonical 1280x720 AND no episode-specific goal image
h21_ft_H_b_20260710_022938,DIAGNOSTIC_EVIDENCE,no admissible scene provenance,False,False,,640x480,,1010,8.9397,0,h2_long_turn_H,learned_gnm_driving,,YES,NO,640x480 below canonical 1280x720 AND no episode-specific goal image
h21_ft_I_a_20260710_023949,DIAGNOSTIC_EVIDENCE,hospital prim-contact evidence only; no scene-identity gate,False,True,,640x480,0.3854,917,6.8282,688,h2_corridor_I,learned_gnm_driving,,YES,NO,640x480 below canonical 1280x720 AND no episode-specific goal image
h21_ft_I_b_20260710_025040,DIAGNOSTIC_EVIDENCE,hospital prim-contact evidence only; no scene-identity gate,False,True,,640x480,0.3854,919,6.83,688,h2_corridor_I,learned_gnm_driving,,YES,NO,640x480 below canonical 1280x720 AND no episode-specific goal image
h21_ft_K_a_20260710_030100,DIAGNOSTIC_EVIDENCE,hospital prim-contact evidence only; no scene-identity gate,False,True,,640x480,0.025,720,2.1724,2294,h2_near_desk_K,learned_gnm_driving,,YES,NO,640x480 below canonical 1280x720 AND no episode-specific goal image
h21_ft_K_b_20260710_031001,DIAGNOSTIC_EVIDENCE,hospital prim-contact evidence only; no scene-identity gate,False,True,,640x480,0.3854,719,1.8613,2546,h2_near_desk_K,learned_gnm_driving,,YES,NO,640x480 below canonical 1280x720 AND no episode-specific goal image
h21_ft_M_20260710_031948,DIAGNOSTIC_EVIDENCE,hospital prim-contact evidence only; no scene-identity gate,False,True,,640x480,0.3833,912,4.4593,2218,h2_test_occluded_M,learned_gnm_driving,,YES,NO,640x480 below canonical 1280x720 AND no episode-specific goal image
h21_td_M_20260710_033003,DIAGNOSTIC_EVIDENCE,hospital prim-contact evidence only; no scene-identity gate,False,True,,640x480,0.3833,922,4.4609,2218,h2_test_occluded_M,learned_gnm_driving,,YES,NO,640x480 below canonical 1280x720 AND no episode-specific goal image
h22demo_J_a_20260710_050731,DIAGNOSTIC_EVIDENCE,no admissible scene provenance,False,False,,640x480,,1687,7.3972,0,h2_weave_J,scripted_expert,,YES,NO,640x480 below canonical 1280x720 AND no episode-specific goal image
h22demo_J_b_20260710_052318,DIAGNOSTIC_EVIDENCE,no admissible scene provenance,False,False,,640x480,,1674,8.2261,0,h2_weave_J,scripted_expert,,YES,NO,640x480 below canonical 1280x720 AND no episode-specific goal image
h22demo_J_c_20260710_053905,DIAGNOSTIC_EVIDENCE,no admissible scene provenance,False,False,,640x480,,1683,6.5774,0,h2_weave_J,scripted_expert,,YES,NO,640x480 below canonical 1280x720 AND no episode-specific goal image
h24_90turn_a_20260710_194950,DIAGNOSTIC_EVIDENCE,no admissible scene provenance,False,False,,640x480,0.3833,1708,5.1455,0,h2_weave_J,scripted_expert,,YES,NO,640x480 below canonical 1280x720 AND no episode-specific goal image
h24_90turn_b_20260710_200643,DIAGNOSTIC_EVIDENCE,no admissible scene provenance,False,False,,640x480,,1721,5.2054,0,h2_weave_J,scripted_expert,,YES,NO,640x480 below canonical 1280x720 AND no episode-specific goal image
h24_I_a_20260710_212851,DIAGNOSTIC_EVIDENCE,no admissible scene provenance,False,False,,640x480,0.3854,2121,6.8554,0,h2_corridor_I,scripted_expert,,YES,NO,640x480 below canonical 1280x720 AND no episode-specific goal image
h24_I_b_20260710_214602,DIAGNOSTIC_EVIDENCE,no admissible scene provenance,False,False,,640x480,,2119,6.9755,0,h2_corridor_I,scripted_expert,,YES,NO,640x480 below canonical 1280x720 AND no episode-specific goal image
h24_J_a_20260710_205331,DIAGNOSTIC_EVIDENCE,no admissible scene provenance,False,False,,640x480,0.3854,2109,6.8027,0,h2_weave_J,scripted_expert,,YES,NO,640x480 below canonical 1280x720 AND no episode-specific goal image
h24_J_b_20260710_211036,DIAGNOSTIC_EVIDENCE,no admissible scene provenance,False,False,,640x480,,2102,6.976,0,h2_weave_J,scripted_expert,,YES,NO,640x480 below canonical 1280x720 AND no episode-specific goal image
h24_scurve_a_20260710_202257,DIAGNOSTIC_EVIDENCE,no admissible scene provenance,False,False,,640x480,0.3833,2107,7.2087,0,h2_weave_J,scripted_expert,,YES,NO,640x480 below canonical 1280x720 AND no episode-specific goal image
h24_scurve_b_20260710_203800,DIAGNOSTIC_EVIDENCE,no admissible scene provenance,False,False,,640x480,,2121,7.3809,0,h2_weave_J,scripted_expert,,YES,NO,640x480 below canonical 1280x720 AND no episode-specific goal image
h24_straight_a_20260710_192309,DIAGNOSTIC_EVIDENCE,no admissible scene provenance,False,False,,640x480,0.3833,1719,6.7066,0,h2_weave_J,scripted_expert,,YES,NO,640x480 below canonical 1280x720 AND no episode-specific goal image
h24_straight_b_20260710_193626,DIAGNOSTIC_EVIDENCE,no admissible scene provenance,False,False,,640x480,,1709,6.7296,0,h2_weave_J,scripted_expert,,YES,NO,640x480 below canonical 1280x720 AND no episode-specific goal image
h24_test_chain_a_20260710_223718,DIAGNOSTIC_EVIDENCE,no admissible scene provenance,False,False,,640x480,0.3833,2108,8.0785,0,h2_weave_J,scripted_expert,,YES,NO,640x480 below canonical 1280x720 AND no episode-specific goal image
h24_test_chain_b_20260710_225447,DIAGNOSTIC_EVIDENCE,no admissible scene provenance,False,False,,640x480,,2120,7.8903,0,h2_weave_J,scripted_expert,,YES,NO,640x480 below canonical 1280x720 AND no episode-specific goal image
h24_test_uturn_a_20260710_220326,DIAGNOSTIC_EVIDENCE,no admissible scene provenance,False,False,,640x480,0.3833,2034,8.8354,0,h2_weave_J,scripted_expert,,YES,NO,640x480 below canonical 1280x720 AND no episode-specific goal image
h24_test_uturn_b_20260710_222002,DIAGNOSTIC_EVIDENCE,no admissible scene provenance,False,False,,640x480,,2119,8.8962,0,h2_weave_J,scripted_expert,,YES,NO,640x480 below canonical 1280x720 AND no episode-specific goal image
h2_ft_H_a_20260709_005345,DIAGNOSTIC_EVIDENCE,hospital prim-contact evidence only; no scene-identity gate,False,True,,640x480,0.3833,949,2.0958,3610,h2_long_turn_H,learned_gnm_driving,,YES,NO,640x480 below canonical 1280x720 AND no episode-specific goal image
h2_ft_H_b_20260709_075342,DIAGNOSTIC_EVIDENCE,hospital prim-contact evidence only; no scene-identity gate,False,True,,640x480,0.3833,947,1.6862,3860,h2_long_turn_H,learned_gnm_driving,,YES,NO,640x480 below canonical 1280x720 AND no episode-specific goal image
h2_ft_J_a_20260709_042726,DIAGNOSTIC_EVIDENCE,no admissible scene provenance,False,False,,640x480,,846,6.9632,0,h2_weave_J,learned_gnm_driving,,YES,NO,640x480 below canonical 1280x720 AND no episode-specific goal image
h2_ft_J_b_20260709_113328,DIAGNOSTIC_EVIDENCE,no admissible scene provenance,False,False,,640x480,,848,6.9635,0,h2_weave_J,learned_gnm_driving,,YES,NO,640x480 below canonical 1280x720 AND no episode-specific goal image
h2_ft_K_a_20260709_061333,DIAGNOSTIC_EVIDENCE,hospital prim-contact evidence only; no scene-identity gate,False,True,,640x480,0.3833,745,2.1725,2294,h2_near_desk_K,learned_gnm_driving,,YES,NO,640x480 below canonical 1280x720 AND no episode-specific goal image
h2_ft_K_b_20260709_132427,DIAGNOSTIC_EVIDENCE,hospital prim-contact evidence only; no scene-identity gate,False,True,,640x480,0.3833,745,1.8619,2547,h2_near_desk_K,learned_gnm_driving,,YES,NO,640x480 below canonical 1280x720 AND no episode-specific goal image
h2_ft_L_solo2_20260710_011212,DIAGNOSTIC_EVIDENCE,hospital prim-contact evidence only; no scene-identity gate,False,True,,640x480,0.3833,1017,8.4608,385,h2_test_long_L,learned_gnm_driving,,YES,NO,640x480 below canonical 1280x720 AND no episode-specific goal image
h2_td_J_r2_20260709_213519,DIAGNOSTIC_EVIDENCE,no admissible scene provenance,False,False,,640x480,,1679,6.9771,0,h2_weave_J,learned_gnm_driving,,YES,NO,640x480 below canonical 1280x720 AND no episode-specific goal image
h2_td_K_solo_20260709_234012,DIAGNOSTIC_EVIDENCE,no admissible scene provenance,False,False,,640x480,,136,0.2697,0,h2_near_desk_K,learned_gnm_driving,,YES,NO,640x480 below canonical 1280x720 AND no episode-specific goal image
h2_td_L_20260709_213517,DIAGNOSTIC_EVIDENCE,hospital prim-contact evidence only; no scene-identity gate,False,True,,640x480,0.3833,1998,8.5895,314,h2_test_long_L,learned_gnm_driving,,YES,NO,640x480 below canonical 1280x720 AND no episode-specific goal image
h2_td_L_20260709_232740,DIAGNOSTIC_EVIDENCE,no admissible scene provenance,False,False,,640x480,,44,,,,unlabelled,,YES,NO,640x480 below canonical 1280x720 AND no episode-specific goal image
h4rec_h4_navgen_31_000_a_20260711_062032,DIAGNOSTIC_EVIDENCE,no admissible scene provenance,False,False,,640x480,0.3854,2124,5.7837,0,h2_weave_J,scripted_expert,,YES,NO,640x480 below canonical 1280x720 AND no episode-specific goal image
h4rec_h4_navgen_31_000_b_20260711_063635,DIAGNOSTIC_EVIDENCE,no admissible scene provenance,False,False,,640x480,,2108,5.9411,0,h2_weave_J,scripted_expert,,YES,NO,640x480 below canonical 1280x720 AND no episode-specific goal image
h4rec_h4_navgen_31_001_a_20260711_065059,DIAGNOSTIC_EVIDENCE,no admissible scene provenance,False,False,,640x480,,2117,3.9528,0,h2_weave_J,scripted_expert,,YES,NO,640x480 below canonical 1280x720 AND no episode-specific goal image
h4rec_h4_navgen_31_001_b_20260711_072642,DIAGNOSTIC_EVIDENCE,no admissible scene provenance,False,False,,640x480,,2117,3.7204,0,h2_weave_J,scripted_expert,,YES,NO,640x480 below canonical 1280x720 AND no episode-specific goal image
h4rec_h4_navgen_31_002_a_20260711_074612,DIAGNOSTIC_EVIDENCE,no admissible scene provenance,False,False,,640x480,,1942,6.916,0,h2_weave_J,scripted_expert,,YES,NO,640x480 below canonical 1280x720 AND no episode-specific goal image
h4rec_h4_navgen_31_002_b_20260711_080010,DIAGNOSTIC_EVIDENCE,no admissible scene provenance,False,False,,640x480,,2120,7.1635,0,h2_weave_J,scripted_expert,,YES,NO,640x480 below canonical 1280x720 AND no episode-specific goal image
h4rec_h4_navgen_31_005_a_20260711_081529,DIAGNOSTIC_EVIDENCE,no admissible scene provenance,False,False,,640x480,,2089,5.4159,0,h2_weave_J,scripted_expert,,YES,NO,640x480 below canonical 1280x720 AND no episode-specific goal image
h4rec_h4_navgen_31_005_b_20260711_083211,DIAGNOSTIC_EVIDENCE,no admissible scene provenance,False,False,,640x480,,2115,5.4623,0,h2_weave_J,scripted_expert,,YES,NO,640x480 below canonical 1280x720 AND no episode-specific goal image
h4rec_h4_navgen_31_007_a_20260711_084715,DIAGNOSTIC_EVIDENCE,no admissible scene provenance,False,False,,640x480,,2108,3.0084,0,h2_weave_J,scripted_expert,,YES,NO,640x480 below canonical 1280x720 AND no episode-specific goal image
h4rec_h4_navgen_31_007_b_20260711_090144,DIAGNOSTIC_EVIDENCE,no admissible scene provenance,False,False,,640x480,,2119,3.0834,0,h2_weave_J,scripted_expert,,YES,NO,640x480 below canonical 1280x720 AND no episode-specific goal image
h4rec_h4_navgen_31_008_a_20260711_113523,DIAGNOSTIC_EVIDENCE,no admissible scene provenance,False,False,,640x480,,2120,2.6496,0,h2_weave_J,scripted_expert,,YES,NO,640x480 below canonical 1280x720 AND no episode-specific goal image
h4rec_h4_navgen_31_008_b_20260711_115029,DIAGNOSTIC_EVIDENCE,no admissible scene provenance,False,False,,640x480,,2124,2.7239,0,h2_weave_J,scripted_expert,,YES,NO,640x480 below canonical 1280x720 AND no episode-specific goal image
h4rec_h4_navgen_31_009_a_20260711_091557,DIAGNOSTIC_EVIDENCE,no admissible scene provenance,False,False,,640x480,,2119,3.6614,0,h2_weave_J,scripted_expert,,YES,NO,640x480 below canonical 1280x720 AND no episode-specific goal image
h4rec_h4_navgen_31_009_b_20260711_093348,DIAGNOSTIC_EVIDENCE,no admissible scene provenance,False,False,,640x480,,2119,3.5932,0,h2_weave_J,scripted_expert,,YES,NO,640x480 below canonical 1280x720 AND no episode-specific goal image
h4rec_h4_navgen_31_011_a_20260711_095129,DIAGNOSTIC_EVIDENCE,no admissible scene provenance,False,False,,640x480,,1943,2.641,0,h2_weave_J,scripted_expert,,YES,NO,640x480 below canonical 1280x720 AND no episode-specific goal image
h4rec_h4_navgen_31_011_b_20260711_100853,DIAGNOSTIC_EVIDENCE,no admissible scene provenance,False,False,,640x480,,2121,2.7234,0,h2_weave_J,scripted_expert,,YES,NO,640x480 below canonical 1280x720 AND no episode-specific goal image
h4rec_h4_navgen_31_012_a_20260711_120600,DIAGNOSTIC_EVIDENCE,no admissible scene provenance,False,False,,640x480,,2110,1.9135,0,h2_weave_J,scripted_expert,,YES,NO,640x480 below canonical 1280x720 AND no episode-specific goal image
h4rec_h4_navgen_31_012_b_20260711_122325,DIAGNOSTIC_EVIDENCE,no admissible scene provenance,False,False,,640x480,,2108,2.1833,0,h2_weave_J,scripted_expert,,YES,NO,640x480 below canonical 1280x720 AND no episode-specific goal image
h4rec_h4_navgen_31_013_a_20260711_102623,DIAGNOSTIC_EVIDENCE,no admissible scene provenance,False,False,,640x480,,2122,5.2052,0,h2_weave_J,scripted_expert,,YES,NO,640x480 below canonical 1280x720 AND no episode-specific goal image
h4rec_h4_navgen_31_013_b_20260711_104420,DIAGNOSTIC_EVIDENCE,no admissible scene provenance,False,False,,640x480,,2120,4.9519,0,h2_weave_J,scripted_expert,,YES,NO,640x480 below canonical 1280x720 AND no episode-specific goal image
h4rec_h4_navgen_31_015_a_20260711_110153,DIAGNOSTIC_EVIDENCE,no admissible scene provenance,False,False,,640x480,,2125,5.1628,0,h2_weave_J,scripted_expert,,YES,NO,640x480 below canonical 1280x720 AND no episode-specific goal image
h4rec_h4_navgen_31_016_a_20260711_123934,DIAGNOSTIC_EVIDENCE,no admissible scene provenance,False,False,,640x480,,2110,5.9552,0,h2_weave_J,scripted_expert,,YES,NO,640x480 below canonical 1280x720 AND no episode-specific goal image
h4rec_h4_navgen_31_016_b_20260711_125743,DIAGNOSTIC_EVIDENCE,no admissible scene provenance,False,False,,640x480,,1931,5.7004,0,h2_weave_J,scripted_expert,,YES,NO,640x480 below canonical 1280x720 AND no episode-specific goal image
h4rec_h4_navgen_31_017_a_20260711_111916,DIAGNOSTIC_EVIDENCE,no admissible scene provenance,False,False,,640x480,,1933,4.7479,0,h2_weave_J,scripted_expert,,YES,NO,640x480 below canonical 1280x720 AND no episode-specific goal image
h6_smoke_uturn01_20260712_170136,DIAGNOSTIC_EVIDENCE,no admissible scene provenance,False,False,,640x480,,277,0.7849,0,h2_weave_J,scripted_expert,,YES,NO,640x480 below canonical 1280x720 AND no episode-specific goal image
h6_smoke_uturn01_full_20260712_171140,DIAGNOSTIC_EVIDENCE,no admissible scene provenance,False,False,,640x480,0.3833,2128,8.252,0,h2_weave_J,scripted_expert,,YES,NO,640x480 below canonical 1280x720 AND no episode-specific goal image
h6rec_h6_chain_01_a_20260712_202208,DIAGNOSTIC_EVIDENCE,no admissible scene provenance,False,False,,640x480,,2125,7.7401,0,h2_weave_J,scripted_expert,,YES,NO,640x480 below canonical 1280x720 AND no episode-specific goal image
h6rec_h6_chain_01_b_20260712_203554,DIAGNOSTIC_EVIDENCE,no admissible scene provenance,False,False,,640x480,,2127,7.7401,0,h2_weave_J,scripted_expert,,YES,NO,640x480 below canonical 1280x720 AND no episode-specific goal image
h6rec_h6_chain_02_a_20260712_230437,DIAGNOSTIC_EVIDENCE,no admissible scene provenance,False,False,,640x480,,2125,9.0593,0,h2_weave_J,scripted_expert,,YES,NO,640x480 below canonical 1280x720 AND no episode-specific goal image
h6rec_h6_chain_02_b_20260712_231754,DIAGNOSTIC_EVIDENCE,no admissible scene provenance,False,False,,640x480,,2125,9.0593,0,h2_weave_J,scripted_expert,,YES,NO,640x480 below canonical 1280x720 AND no episode-specific goal image
h6rec_h6_compound_01_a_20260712_220936,DIAGNOSTIC_EVIDENCE,no admissible scene provenance,False,False,,640x480,,2113,7.1144,0,h2_weave_J,scripted_expert,,YES,NO,640x480 below canonical 1280x720 AND no episode-specific goal image
h6rec_h6_compound_01_b_20260712_222300,DIAGNOSTIC_EVIDENCE,no admissible scene provenance,False,False,,640x480,,2127,7.1144,0,h2_weave_J,scripted_expert,,YES,NO,640x480 below canonical 1280x720 AND no episode-specific goal image
h6rec_h6_ftL_01_a_20260712_205017,DIAGNOSTIC_EVIDENCE,no admissible scene provenance,False,False,,640x480,,2126,6.6071,0,h2_weave_J,scripted_expert,,YES,NO,640x480 below canonical 1280x720 AND no episode-specific goal image
h6rec_h6_ftL_01_b_20260712_210254,DIAGNOSTIC_EVIDENCE,no admissible scene provenance,False,False,,640x480,,2127,6.6071,0,h2_weave_J,scripted_expert,,YES,NO,640x480 below canonical 1280x720 AND no episode-specific goal image
h6rec_h6_sharpmulti_01_a_20260712_211543,DIAGNOSTIC_EVIDENCE,no admissible scene provenance,False,False,,640x480,,2079,7.3895,0,h2_weave_J,scripted_expert,,YES,NO,640x480 below canonical 1280x720 AND no episode-specific goal image
h6rec_h6_sharpmulti_01_b_20260712_212824,DIAGNOSTIC_EVIDENCE,no admissible scene provenance,False,False,,640x480,,2119,7.3895,0,h2_weave_J,scripted_expert,,YES,NO,640x480 below canonical 1280x720 AND no episode-specific goal image
h6rec_h6_tightcorr_01_a_20260712_214230,DIAGNOSTIC_EVIDENCE,no admissible scene provenance,False,False,,640x480,,2126,6.7485,0,h2_weave_J,scripted_expert,,YES,NO,640x480 below canonical 1280x720 AND no episode-specific goal image
h6rec_h6_tightcorr_01_b_20260712_215508,DIAGNOSTIC_EVIDENCE,no admissible scene provenance,False,False,,640x480,,2116,6.7485,0,h2_weave_J,scripted_expert,,YES,NO,640x480 below canonical 1280x720 AND no episode-specific goal image
h6rec_h6_uturn_01_a_20260712_195504,DIAGNOSTIC_EVIDENCE,no admissible scene provenance,False,False,,640x480,0.3833,2125,8.252,0,h2_weave_J,scripted_expert,,YES,NO,640x480 below canonical 1280x720 AND no episode-specific goal image
h6rec_h6_uturn_01_b_20260712_200832,DIAGNOSTIC_EVIDENCE,no admissible scene provenance,False,False,,640x480,,2125,8.252,0,h2_weave_J,scripted_expert,,YES,NO,640x480 below canonical 1280x720 AND no episode-specific goal image
h6rec_h6_uturn_02_a_20260712_223754,DIAGNOSTIC_EVIDENCE,no admissible scene provenance,False,False,,640x480,,2130,8.4585,0,h2_weave_J,scripted_expert,,YES,NO,640x480 below canonical 1280x720 AND no episode-specific goal image
h6rec_h6_uturn_02_b_20260712_225103,DIAGNOSTIC_EVIDENCE,no admissible scene provenance,False,False,,640x480,,2126,8.4585,0,h2_weave_J,scripted_expert,,YES,NO,640x480 below canonical 1280x720 AND no episode-specific goal image
h7_corridor_01_20260714_004338,DIAGNOSTIC_EVIDENCE,gate-verified hospital but fails an image or motion criterion,True,False,,640x480,0.3833,2090,3.1212,0,h2_weave_J,scripted_expert,,YES,NO,640x480 below canonical 1280x720 AND no episode-specific goal image
h7_corridor_02_20260714_010145,DIAGNOSTIC_EVIDENCE,gate-verified hospital but fails an image or motion criterion,True,False,,640x480,0.3146,2117,3.2405,0,h2_weave_J,scripted_expert,,YES,NO,640x480 below canonical 1280x720 AND no episode-specific goal image
h7_reception_01_20260714_000815,DIAGNOSTIC_EVIDENCE,gate-verified hospital but fails an image or motion criterion,True,False,,640x480,0.3833,2108,5.7612,0,h2_weave_J,scripted_expert,,YES,NO,640x480 below canonical 1280x720 AND no episode-specific goal image
h7_reception_01_smoke_20260713_231058,DIAGNOSTIC_EVIDENCE,gate-verified hospital but fails an image or motion criterion,True,False,,640x480,0.3833,2122,5.7612,0,h2_weave_J,scripted_expert,,YES,NO,640x480 below canonical 1280x720 AND no episode-specific goal image
h7_reception_02_20260714_002503,DIAGNOSTIC_EVIDENCE,gate-verified hospital but fails an image or motion criterion,True,False,,640x480,0.3854,2110,5.439,0,h2_weave_J,scripted_expert,,YES,NO,640x480 below canonical 1280x720 AND no episode-specific goal image
h7_turn_01_20260714_011847,DIAGNOSTIC_EVIDENCE,gate-verified hospital but fails an image or motion criterion,True,False,,640x480,0.0021,2122,2.3931,0,h2_weave_J,scripted_expert,,YES,NO,640x480 below canonical 1280x720 AND no episode-specific goal image
h7_turn_02_20260714_013617,DIAGNOSTIC_EVIDENCE,gate-verified hospital but fails an image or motion criterion,True,False,,640x480,0.0021,2119,2.1083,0,h2_weave_J,scripted_expert,,YES,NO,640x480 below canonical 1280x720 AND no episode-specific goal image
h7_waiting_01_20260714_015109,DIAGNOSTIC_EVIDENCE,gate-verified hospital but fails an image or motion criterion,True,False,,640x480,0.3833,2108,4.9656,0,h2_weave_J,scripted_expert,,YES,NO,640x480 below canonical 1280x720 AND no episode-specific goal image
h7_waiting_02_20260714_020630,DIAGNOSTIC_EVIDENCE,gate-verified hospital but fails an image or motion criterion,True,False,,640x480,0.1625,2119,4.2906,0,h2_weave_J,scripted_expert,,YES,NO,640x480 below canonical 1280x720 AND no episode-specific goal image
h8mx_searchW1_20260715_001801,DIAGNOSTIC_EVIDENCE,gate-verified hospital but fails an image or motion criterion,True,False,0.12,640x480,0.0,1439,0.5031,0,h2_weave_J,scripted_expert,,YES,NO,640x480 below canonical 1280x720 AND no episode-specific goal image
h8mx_searchW2_20260715_002949,DIAGNOSTIC_EVIDENCE,gate-verified hospital but fails an image or motion criterion,True,False,0.12,640x480,0.0,1454,0.3,0,h2_weave_J,scripted_expert,,YES,NO,640x480 below canonical 1280x720 AND no episode-specific goal image
h8mx_val_east_A_20260714_215023,DIAGNOSTIC_EVIDENCE,gate-verified hospital but fails an image or motion criterion,True,False,0.12,640x480,0.0,1451,0.7053,0,h2_weave_J,scripted_expert,,YES,NO,640x480 below canonical 1280x720 AND no episode-specific goal image
h8mx_val_east_B_20260714_224539,DIAGNOSTIC_EVIDENCE,gate-verified hospital but fails an image or motion criterion,True,False,0.12,640x480,0.0,1455,0.5025,0,h2_weave_J,scripted_expert,,YES,NO,640x480 below canonical 1280x720 AND no episode-specific goal image
h8mx_val_lookalike_test_20260714_225818,DIAGNOSTIC_EVIDENCE,gate-verified hospital but fails an image or motion criterion,True,False,0.12,640x480,0.0,1458,0.2025,0,h2_weave_J,scripted_expert,,YES,NO,640x480 below canonical 1280x720 AND no episode-specific goal image
h8mx_val_midwest_A_20260714_234300,DIAGNOSTIC_EVIDENCE,gate-verified hospital but fails an image or motion criterion,True,False,0.12,640x480,0.0,1456,0.5025,0,h2_weave_J,scripted_expert,,YES,NO,640x480 below canonical 1280x720 AND no episode-specific goal image
h8mx_val_midwest_B_20260714_235324,DIAGNOSTIC_EVIDENCE,gate-verified hospital but fails an image or motion criterion,True,False,0.12,640x480,0.0,1456,0.504,0,h2_weave_J,scripted_expert,,YES,NO,640x480 below canonical 1280x720 AND no episode-specific goal image
h8mx_val_val_A_20260714_222106,DIAGNOSTIC_EVIDENCE,gate-verified hospital but fails an image or motion criterion,True,True,0.12,640x480,0.0,1454,0.4955,25,h2_weave_J,scripted_expert,,YES,NO,640x480 below canonical 1280x720 AND no episode-specific goal image
h8mx_val_val_A_retry_20260714_232717,DIAGNOSTIC_EVIDENCE,gate-verified hospital but fails an image or motion criterion,True,True,0.12,640x480,0.0,1458,0.4955,25,h2_weave_J,scripted_expert,,YES,NO,640x480 below canonical 1280x720 AND no episode-specific goal image
h8mx_val_west_C_20260714_220849,DIAGNOSTIC_EVIDENCE,gate-verified hospital but fails an image or motion criterion,True,True,0.12,640x480,0.0,1454,0.4138,7678,h2_weave_J,scripted_expert,,YES,NO,640x480 below canonical 1280x720 AND no episode-specific goal image
hospital_low_curvature_C_20260708_143004,DIAGNOSTIC_EVIDENCE,no admissible scene provenance,False,False,,640x480,,474,3.5874,,hospital_goal_C,inference_path_check,,YES,NO,640x480 below canonical 1280x720 AND no episode-specific goal image
hospital_straight_medium_B_20260708_142905,DIAGNOSTIC_EVIDENCE,no admissible scene provenance,False,False,,640x480,,620,4.9834,,hospital_goal_B,inference_path_check,,YES,NO,640x480 below canonical 1280x720 AND no episode-specific goal image
hospital_straight_short_A_20260708_142512,DIAGNOSTIC_EVIDENCE,no admissible scene provenance,False,False,,640x480,,257,2.3904,,hospital_goal_A,inference_path_check,,YES,NO,640x480 below canonical 1280x720 AND no episode-specific goal image
hospital_straight_short_A_20260708_142753,DIAGNOSTIC_EVIDENCE,no admissible scene provenance,False,False,,640x480,,362,2.3907,,hospital_goal_A,inference_path_check,,YES,NO,640x480 below canonical 1280x720 AND no episode-specific goal image
livefinal_low_curvature_20260708_180949,DIAGNOSTIC_EVIDENCE,no admissible scene provenance,False,False,,640x480,,469,3.5868,0,hospital_goal_C,learned_gnm_driving,,YES,NO,640x480 below canonical 1280x720 AND no episode-specific goal image
livefinal_straight_medium_20260708_180855,DIAGNOSTIC_EVIDENCE,no admissible scene provenance,False,False,,640x480,,614,4.9829,0,hospital_goal_B,learned_gnm_driving,,YES,NO,640x480 below canonical 1280x720 AND no episode-specific goal image
livefinal_straight_short_20260708_180802,DIAGNOSTIC_EVIDENCE,no admissible scene provenance,False,False,,640x480,,421,2.9884,0,hospital_goal_A,learned_gnm_driving,,YES,NO,640x480 below canonical 1280x720 AND no episode-specific goal image
manual_arc_20260708_024944,DIAGNOSTIC_EVIDENCE,no admissible scene provenance,False,False,,640x480,,285,3.9808,,,unlabelled,,YES,NO,640x480 below canonical 1280x720 AND no episode-specific goal image
manual_arc_20260708_030319,DIAGNOSTIC_EVIDENCE,no admissible scene provenance,False,False,,640x480,,282,3.9808,,,inference_path_check,,YES,NO,640x480 below canonical 1280x720 AND no episode-specific goal image
normcmp_F_baseline_20260708_153134,DIAGNOSTIC_EVIDENCE,no admissible scene provenance,False,False,,640x480,,418,2.9892,,hospital_fresh_short_F,inference_path_check,,YES,NO,640x480 below canonical 1280x720 AND no episode-specific goal image
normcmp_F_stopauth_20260708_153225,DIAGNOSTIC_EVIDENCE,no admissible scene provenance,False,False,,640x480,,235,0.948,,hospital_fresh_short_F,inference_path_check,,YES,NO,640x480 below canonical 1280x720 AND no episode-specific goal image
normcmp_G_baseline_20260708_153849,DIAGNOSTIC_EVIDENCE,no admissible scene provenance,False,False,,640x480,,510,3.9865,,hospital_fresh_medium_G,inference_path_check,,YES,NO,640x480 below canonical 1280x720 AND no episode-specific goal image
normcmp_G_stopauth_20260708_153944,DIAGNOSTIC_EVIDENCE,no admissible scene provenance,False,False,,640x480,,347,2.0555,,hospital_fresh_medium_G,inference_path_check,,YES,NO,640x480 below canonical 1280x720 AND no episode-specific goal image
physeval_base_A_20260708_172420,DIAGNOSTIC_EVIDENCE,no admissible scene provenance,False,False,,640x480,,423,2.9885,0,hospital_goal_A,learned_gnm_driving,,YES,NO,640x480 below canonical 1280x720 AND no episode-specific goal image
physeval_base_D_20260708_172509,DIAGNOSTIC_EVIDENCE,no admissible scene provenance,False,False,,640x480,,425,2.9891,0,hospital_holdout_short_D,learned_gnm_driving,,YES,NO,640x480 below canonical 1280x720 AND no episode-specific goal image
physeval_base_F_20260708_172559,DIAGNOSTIC_EVIDENCE,no admissible scene provenance,False,False,,640x480,,424,2.9887,0,hospital_fresh_short_F,learned_gnm_driving,,YES,NO,640x480 below canonical 1280x720 AND no episode-specific goal image
physeval_collision_control2_20260708_173407,DIAGNOSTIC_EVIDENCE,hospital prim-contact evidence only; no scene-identity gate,False,True,,640x480,0.3854,215,1.9869,27,hospital_fresh_short_F,learned_gnm_driving,,YES,NO,640x480 below canonical 1280x720 AND no episode-specific goal image
physeval_ema_A_20260708_172649,DIAGNOSTIC_EVIDENCE,no admissible scene provenance,False,False,,640x480,,424,2.9896,0,hospital_goal_A,learned_gnm_driving,,YES,NO,640x480 below canonical 1280x720 AND no episode-specific goal image
physeval_ema_D_20260708_172739,DIAGNOSTIC_EVIDENCE,no admissible scene provenance,False,False,,640x480,,423,2.9893,0,hospital_holdout_short_D,learned_gnm_driving,,YES,NO,640x480 below canonical 1280x720 AND no episode-specific goal image
physeval_ema_F_20260708_172828,DIAGNOSTIC_EVIDENCE,no admissible scene provenance,False,False,,640x480,,425,2.9892,0,hospital_fresh_short_F,learned_gnm_driving,,YES,NO,640x480 below canonical 1280x720 AND no episode-specific goal image
h2_ft_I_a_20260709_025233,PERMANENTLY_REJECTED,"all-black RGB stream (0 luminance, frames identical)",False,True,,640x480,1.0,744,0.0567,3598,h2_corridor_I,learned_gnm_driving,,YES,NO,640x480 below canonical 1280x720 AND no episode-specific goal image
h2_ft_I_b_20260709_095236,PERMANENTLY_REJECTED,"all-black RGB stream (0 luminance, frames identical)",False,True,,640x480,1.0,748,0.0991,3598,h2_corridor_I,learned_gnm_driving,,YES,NO,640x480 below canonical 1280x720 AND no episode-specific goal image
h2_ft_M_solo_20260710_001614,PERMANENTLY_REJECTED,"all-black RGB stream (0 luminance, frames identical)",False,True,,640x480,1.0,822,0.2096,4198,h2_test_occluded_M,learned_gnm_driving,,YES,NO,640x480 below canonical 1280x720 AND no episode-specific goal image
h2_td_H_r2_20260709_213946,PERMANENTLY_REJECTED,"all-black RGB stream (0 luminance, frames identical)",False,True,,640x480,1.0,1278,2.128,3600,h2_long_turn_H,learned_gnm_driving,,YES,NO,640x480 below canonical 1280x720 AND no episode-specific goal image
h2_td_I_solo_20260709_233353,PERMANENTLY_REJECTED,"all-black RGB stream (0 luminance, frames identical)",False,True,,640x480,1.0,712,0.0578,3598,h2_corridor_I,learned_gnm_driving,,YES,NO,640x480 below canonical 1280x720 AND no episode-specific goal image
h2_td_M_solo_20260710_012744,PERMANENTLY_REJECTED,"all-black RGB stream (0 luminance, frames identical)",False,True,,640x480,1.0,837,0.1978,4198,h2_test_occluded_M,learned_gnm_driving,,YES,NO,640x480 below canonical 1280x720 AND no episode-specific goal image
h8mx_calib_lobby_20260714_214205,PERMANENTLY_REJECTED,"blown-out static frame, zero motion",True,False,0.12,640x480,0.0,96,0.0,0,h2_weave_J,scripted_expert,,YES,NO,640x480 below canonical 1280x720 AND no episode-specific goal image
smoke_drive_20260708,PERMANENTLY_REJECTED,no RGB stream recorded,False,False,,640x480,,0,,,,unlabelled,,YES,NO,640x480 below canonical 1280x720 AND no episode-specific goal image
yaw_test_20260708_060146,PERMANENTLY_REJECTED,no RGB stream recorded,False,False,,640x480,,0,1.3409,,,unlabelled,,YES,NO,640x480 below canonical 1280x720 AND no episode-specific goal image
yaw_test_20260708_060741,PERMANENTLY_REJECTED,no RGB stream recorded,False,False,,640x480,,0,1.3556,,,unlabelled,,YES,NO,640x480 below canonical 1280x720 AND no episode-specific goal image
yaw_test_20260708_061301,PERMANENTLY_REJECTED,no RGB stream recorded,False,False,,640x480,,0,1.3763,,,unlabelled,,YES,NO,640x480 below canonical 1280x720 AND no episode-specific goal image
yaw_test_20260710_063415,PERMANENTLY_REJECTED,no RGB stream recorded,False,False,,640x480,,0,2.5519,,,unlabelled,,YES,NO,640x480 below canonical 1280x720 AND no episode-specific goal image
yaw_test_20260710_084009,PERMANENTLY_REJECTED,no RGB stream recorded,False,False,,640x480,,0,1.1584,,,unlabelled,,YES,NO,640x480 below canonical 1280x720 AND no episode-specific goal image
yaw_test_20260710_085548,PERMANENTLY_REJECTED,no RGB stream recorded,False,False,,640x480,,0,1.1584,,,unlabelled,,YES,NO,640x480 below canonical 1280x720 AND no episode-specific goal image
yaw_test_20260710_172200,PERMANENTLY_REJECTED,no RGB stream recorded,False,False,,640x480,,0,1.1584,,,unlabelled,,YES,NO,640x480 below canonical 1280x720 AND no episode-specific goal image
yaw_test_20260710_173751,PERMANENTLY_REJECTED,no RGB stream recorded,False,False,,640x480,,0,1.1561,,,unlabelled,,YES,NO,640x480 below canonical 1280x720 AND no episode-specific goal image
yaw_test_20260710_180103,PERMANENTLY_REJECTED,no RGB stream recorded,False,False,,640x480,,0,1.6093,,,unlabelled,,YES,NO,640x480 below canonical 1280x720 AND no episode-specific goal image
yaw_test_20260710_180647,PERMANENTLY_REJECTED,no RGB stream recorded,False,False,,640x480,,0,2.6593,,,unlabelled,,YES,NO,640x480 below canonical 1280x720 AND no episode-specific goal image
