episode_id,step_idx,sim_time,wall_time,robot_position_x,robot_position_y,robot_position_z,robot_yaw,linear_velocity_cmd,angular_velocity_cmd,odom_linear_velocity,odom_angular_velocity,camera_frame_id,image_timestamp,policy_mode,stop_signal,safety_state,notes,shadow_gnm_enabled,shadow_gnm_status,shadow_gnm_model_path,shadow_gnm_latency_ms,shadow_gnm_candidate_linear_velocity,shadow_gnm_candidate_angular_velocity,shadow_gnm_candidate_waypoint_x,shadow_gnm_candidate_waypoint_y,shadow_gnm_goal_distance,shadow_gnm_confidence,shadow_gnm_error,actual_controller,actual_linear_velocity_cmd,actual_angular_velocity_cmd,gnm_control_enabled,gnm_action_raw_linear_velocity,gnm_action_raw_angular_velocity,gnm_action_clipped_linear_velocity,gnm_action_clipped_angular_velocity,action_clipped,watchdog_state,emergency_stop_triggered,stop_reason
gnm_closed_loop_20260708_031640,0,13.216667,1783477003.470268,1.1936,-0.000425,0.0,2e-05,0.0,0.0,-0.000149,-0.000169,camera_link,13.216667,gnm_closed_loop,,emergency_stop,emergency stop: action_gross_bounds,True,ok,third_party/visualnav-transformer/model_weights/gnm/gnm.pth,12.14,0.3,-0.0683,0.6269,-0.0429,16.46,,,gnm_closed_loop,0.0,0.0,True,2.513357,-0.068311,0.0,0.0,False,estop_zeroed,True,action_gross_bounds
gnm_closed_loop_20260708_031640,480,13.233334,1783477003.479772,1.193594,-0.000425,0.0,2.1e-05,0.0,0.0,-7.5e-05,-0.00117,camera_link,13.233334,gnm_closed_loop,,emergency_stop,post-episode zero hold,True,ok,third_party/visualnav-transformer/model_weights/gnm/gnm.pth,12.14,0.3,-0.0683,0.6269,-0.0429,16.46,,,gnm_closed_loop,0.0,0.0,True,,,0.0,0.0,False,zeroed_hold,True,action_gross_bounds
gnm_closed_loop_20260708_031640,481,13.250001,1783477003.482174,1.193591,-0.000425,0.0,2e-05,0.0,0.0,-7.5e-05,-0.00117,camera_link,13.250001,gnm_closed_loop,,emergency_stop,post-episode zero hold,True,ok,third_party/visualnav-transformer/model_weights/gnm/gnm.pth,12.14,0.3,-0.0683,0.6269,-0.0429,16.46,,,gnm_closed_loop,0.0,0.0,True,,,0.0,0.0,False,zeroed_hold,True,action_gross_bounds
gnm_closed_loop_20260708_031640,482,13.266667,1783477003.483742,1.193585,-0.000425,-0.0,2e-05,0.0,0.0,-7.5e-05,-0.00117,camera_link,13.266667,gnm_closed_loop,,emergency_stop,post-episode zero hold,True,ok,third_party/visualnav-transformer/model_weights/gnm/gnm.pth,12.14,0.3,-0.0683,0.6269,-0.0429,16.46,,,gnm_closed_loop,0.0,0.0,True,,,0.0,0.0,False,zeroed_hold,True,action_gross_bounds
gnm_closed_loop_20260708_031640,483,13.283334,1783477003.492219,1.193577,-0.000425,-0.0,2e-05,0.0,0.0,-0.000147,0.000222,camera_link,13.283334,gnm_closed_loop,,emergency_stop,post-episode zero hold,True,ok,third_party/visualnav-transformer/model_weights/gnm/gnm.pth,12.14,0.3,-0.0683,0.6269,-0.0429,16.46,,,gnm_closed_loop,0.0,0.0,True,,,0.0,0.0,False,zeroed_hold,True,action_gross_bounds
gnm_closed_loop_20260708_031640,484,13.300001,1783477003.494493,1.193576,-0.000425,0.0,2.1e-05,0.0,0.0,-0.000147,0.000222,camera_link,13.300001,gnm_closed_loop,,emergency_stop,post-episode zero hold,True,ok,third_party/visualnav-transformer/model_weights/gnm/gnm.pth,12.14,0.3,-0.0683,0.6269,-0.0429,16.46,,,gnm_closed_loop,0.0,0.0,True,,,0.0,0.0,False,zeroed_hold,True,action_gross_bounds
gnm_closed_loop_20260708_031640,485,13.316667,1783477003.497984,1.19357,-0.000425,-0.0,2e-05,0.0,0.0,-0.000147,0.000222,camera_link,13.316667,gnm_closed_loop,,emergency_stop,post-episode zero hold,True,ok,third_party/visualnav-transformer/model_weights/gnm/gnm.pth,12.14,0.3,-0.0683,0.6269,-0.0429,16.46,,,gnm_closed_loop,0.0,0.0,True,,,0.0,0.0,False,zeroed_hold,True,action_gross_bounds
gnm_closed_loop_20260708_031640,486,13.333334,1783477003.513047,1.193561,-0.000425,0.0,2e-05,0.0,0.0,-0.000174,-0.000224,camera_link,13.333334,gnm_closed_loop,,emergency_stop,post-episode zero hold,True,ok,third_party/visualnav-transformer/model_weights/gnm/gnm.pth,12.14,0.3,-0.0683,0.6269,-0.0429,16.46,,,gnm_closed_loop,0.0,0.0,True,,,0.0,0.0,False,zeroed_hold,True,action_gross_bounds
gnm_closed_loop_20260708_031640,487,13.350001,1783477003.515823,1.193554,-0.000425,0.0,2e-05,0.0,0.0,-0.000174,-0.000224,camera_link,13.350001,gnm_closed_loop,,emergency_stop,post-episode zero hold,True,ok,third_party/visualnav-transformer/model_weights/gnm/gnm.pth,12.14,0.3,-0.0683,0.6269,-0.0429,16.46,,,gnm_closed_loop,0.0,0.0,True,,,0.0,0.0,False,zeroed_hold,True,action_gross_bounds
gnm_closed_loop_20260708_031640,488,13.366667,1783477003.519273,1.193546,-0.000425,-0.0,2e-05,0.0,0.0,-0.000174,-0.000224,camera_link,13.366667,gnm_closed_loop,,emergency_stop,post-episode zero hold,True,ok,third_party/visualnav-transformer/model_weights/gnm/gnm.pth,12.14,0.3,-0.0683,0.6269,-0.0429,16.46,,,gnm_closed_loop,0.0,0.0,True,,,0.0,0.0,False,zeroed_hold,True,action_gross_bounds
gnm_closed_loop_20260708_031640,489,13.383334,1783477003.531998,1.193537,-0.000425,-0.0,2e-05,0.0,0.0,-0.00016,0.000172,camera_link,13.383334,gnm_closed_loop,,emergency_stop,post-episode zero hold,True,ok,third_party/visualnav-transformer/model_weights/gnm/gnm.pth,12.14,0.3,-0.0683,0.6269,-0.0429,16.46,,,gnm_closed_loop,0.0,0.0,True,,,0.0,0.0,False,zeroed_hold,True,action_gross_bounds
gnm_closed_loop_20260708_031640,490,13.400001,1783477003.534138,1.193528,-0.000425,0.0,2e-05,0.0,0.0,-0.00016,0.000172,camera_link,13.400001,gnm_closed_loop,,emergency_stop,post-episode zero hold,True,ok,third_party/visualnav-transformer/model_weights/gnm/gnm.pth,12.14,0.3,-0.0683,0.6269,-0.0429,16.46,,,gnm_closed_loop,0.0,0.0,True,,,0.0,0.0,False,zeroed_hold,True,action_gross_bounds
gnm_closed_loop_20260708_031640,491,13.416667,1783477003.537871,1.19352,-0.000425,0.0,2e-05,0.0,0.0,-0.00016,0.000172,camera_link,13.416667,gnm_closed_loop,,emergency_stop,post-episode zero hold,True,ok,third_party/visualnav-transformer/model_weights/gnm/gnm.pth,12.14,0.3,-0.0683,0.6269,-0.0429,16.46,,,gnm_closed_loop,0.0,0.0,True,,,0.0,0.0,False,zeroed_hold,True,action_gross_bounds
gnm_closed_loop_20260708_031640,492,13.433334,1783477003.551009,1.193512,-0.000425,-0.0,2e-05,0.0,0.0,-0.000153,-0.000245,camera_link,13.433334,gnm_closed_loop,,emergency_stop,post-episode zero hold,True,ok,third_party/visualnav-transformer/model_weights/gnm/gnm.pth,12.14,0.3,-0.0683,0.6269,-0.0429,16.46,,,gnm_closed_loop,0.0,0.0,True,,,0.0,0.0,False,zeroed_hold,True,action_gross_bounds
gnm_closed_loop_20260708_031640,493,13.450001,1783477003.554062,1.193503,-0.000425,-0.0,1.9e-05,0.0,0.0,-0.000153,-0.000245,camera_link,13.450001,gnm_closed_loop,,emergency_stop,post-episode zero hold,True,ok,third_party/visualnav-transformer/model_weights/gnm/gnm.pth,12.14,0.3,-0.0683,0.6269,-0.0429,16.46,,,gnm_closed_loop,0.0,0.0,True,,,0.0,0.0,False,zeroed_hold,True,action_gross_bounds
gnm_closed_loop_20260708_031640,494,13.466667,1783477003.556799,1.193494,-0.000425,0.0,2e-05,0.0,0.0,-0.000153,-0.000245,camera_link,13.466667,gnm_closed_loop,,emergency_stop,post-episode zero hold,True,ok,third_party/visualnav-transformer/model_weights/gnm/gnm.pth,12.14,0.3,-0.0683,0.6269,-0.0429,16.46,,,gnm_closed_loop,0.0,0.0,True,,,0.0,0.0,False,zeroed_hold,True,action_gross_bounds
gnm_closed_loop_20260708_031640,495,13.483334,1783477003.569326,1.193486,-0.000425,-0.0,2e-05,0.0,0.0,-0.00018,-0.000408,camera_link,13.483334,gnm_closed_loop,,emergency_stop,post-episode zero hold,True,ok,third_party/visualnav-transformer/model_weights/gnm/gnm.pth,12.14,0.3,-0.0683,0.6269,-0.0429,16.46,,,gnm_closed_loop,0.0,0.0,True,,,0.0,0.0,False,zeroed_hold,True,action_gross_bounds
gnm_closed_loop_20260708_031640,496,13.500001,1783477003.574239,1.193479,-0.000425,0.0,1.9e-05,0.0,0.0,-0.00018,-0.000408,camera_link,13.500001,gnm_closed_loop,,emergency_stop,post-episode zero hold,True,ok,third_party/visualnav-transformer/model_weights/gnm/gnm.pth,12.14,0.3,-0.0683,0.6269,-0.0429,16.46,,,gnm_closed_loop,0.0,0.0,True,,,0.0,0.0,False,zeroed_hold,True,action_gross_bounds
gnm_closed_loop_20260708_031640,497,13.516667,1783477003.579061,1.193471,-0.000425,0.0,2e-05,0.0,0.0,-0.00018,-0.000408,camera_link,13.516667,gnm_closed_loop,,emergency_stop,post-episode zero hold,True,ok,third_party/visualnav-transformer/model_weights/gnm/gnm.pth,12.14,0.3,-0.0683,0.6269,-0.0429,16.46,,,gnm_closed_loop,0.0,0.0,True,,,0.0,0.0,False,zeroed_hold,True,action_gross_bounds
gnm_closed_loop_20260708_031640,498,13.533334,1783477003.592287,1.193462,-0.000425,0.0,2e-05,0.0,0.0,-0.000158,-0.000268,camera_link,13.533334,gnm_closed_loop,,emergency_stop,post-episode zero hold,True,ok,third_party/visualnav-transformer/model_weights/gnm/gnm.pth,12.14,0.3,-0.0683,0.6269,-0.0429,16.46,,,gnm_closed_loop,0.0,0.0,True,,,0.0,0.0,False,zeroed_hold,True,action_gross_bounds
gnm_closed_loop_20260708_031640,499,13.550001,1783477003.594152,1.193462,-0.000425,0.0,2.1e-05,0.0,0.0,-0.000158,-0.000268,camera_link,13.550001,gnm_closed_loop,,emergency_stop,post-episode zero hold,True,ok,third_party/visualnav-transformer/model_weights/gnm/gnm.pth,12.14,0.3,-0.0683,0.6269,-0.0429,16.46,,,gnm_closed_loop,0.0,0.0,True,,,0.0,0.0,False,zeroed_hold,True,action_gross_bounds
gnm_closed_loop_20260708_031640,500,13.566667,1783477003.596771,1.193454,-0.000425,0.0,2e-05,0.0,0.0,-0.000158,-0.000268,camera_link,13.566667,gnm_closed_loop,,emergency_stop,post-episode zero hold,True,ok,third_party/visualnav-transformer/model_weights/gnm/gnm.pth,12.14,0.3,-0.0683,0.6269,-0.0429,16.46,,,gnm_closed_loop,0.0,0.0,True,,,0.0,0.0,False,zeroed_hold,True,action_gross_bounds
gnm_closed_loop_20260708_031640,501,13.583334,1783477003.60845,1.193446,-0.000425,0.0,2e-05,0.0,0.0,-0.000143,-0.000129,camera_link,13.583334,gnm_closed_loop,,emergency_stop,post-episode zero hold,True,ok,third_party/visualnav-transformer/model_weights/gnm/gnm.pth,12.14,0.3,-0.0683,0.6269,-0.0429,16.46,,,gnm_closed_loop,0.0,0.0,True,,,0.0,0.0,False,zeroed_hold,True,action_gross_bounds
gnm_closed_loop_20260708_031640,502,13.600001,1783477003.613166,1.19344,-0.000425,0.0,2.2e-05,0.0,0.0,-0.000143,-0.000129,camera_link,13.600001,gnm_closed_loop,,emergency_stop,post-episode zero hold,True,ok,third_party/visualnav-transformer/model_weights/gnm/gnm.pth,12.14,0.3,-0.0683,0.6269,-0.0429,16.46,,,gnm_closed_loop,0.0,0.0,True,,,0.0,0.0,False,zeroed_hold,True,action_gross_bounds
gnm_closed_loop_20260708_031640,503,13.616667,1783477003.617122,1.193434,-0.000425,-0.0,2e-05,0.0,0.0,-0.000143,-0.000129,camera_link,13.616667,gnm_closed_loop,,emergency_stop,post-episode zero hold,True,ok,third_party/visualnav-transformer/model_weights/gnm/gnm.pth,12.14,0.3,-0.0683,0.6269,-0.0429,16.46,,,gnm_closed_loop,0.0,0.0,True,,,0.0,0.0,False,zeroed_hold,True,action_gross_bounds
gnm_closed_loop_20260708_031640,504,13.633334,1783477003.6325,1.193425,-0.000425,0.0,2e-05,0.0,0.0,-0.000169,-0.000107,camera_link,13.633334,gnm_closed_loop,,emergency_stop,post-episode zero hold,True,ok,third_party/visualnav-transformer/model_weights/gnm/gnm.pth,12.14,0.3,-0.0683,0.6269,-0.0429,16.46,,,gnm_closed_loop,0.0,0.0,True,,,0.0,0.0,False,zeroed_hold,True,action_gross_bounds
gnm_closed_loop_20260708_031640,505,13.650001,1783477003.635132,1.193426,-0.000425,0.0,2.1e-05,0.0,0.0,-0.000169,-0.000107,camera_link,13.650001,gnm_closed_loop,,emergency_stop,post-episode zero hold,True,ok,third_party/visualnav-transformer/model_weights/gnm/gnm.pth,12.14,0.3,-0.0683,0.6269,-0.0429,16.46,,,gnm_closed_loop,0.0,0.0,True,,,0.0,0.0,False,zeroed_hold,True,action_gross_bounds
gnm_closed_loop_20260708_031640,506,13.666667,1783477003.636894,1.193419,-0.000425,-0.0,2e-05,0.0,0.0,-0.000169,-0.000107,camera_link,13.666667,gnm_closed_loop,,emergency_stop,post-episode zero hold,True,ok,third_party/visualnav-transformer/model_weights/gnm/gnm.pth,12.14,0.3,-0.0683,0.6269,-0.0429,16.46,,,gnm_closed_loop,0.0,0.0,True,,,0.0,0.0,False,zeroed_hold,True,action_gross_bounds
gnm_closed_loop_20260708_031640,507,13.683334,1783477003.645087,1.193418,-0.000425,0.0,2.1e-05,0.0,0.0,-1.1e-05,-0.000549,camera_link,13.683334,gnm_closed_loop,,emergency_stop,post-episode zero hold,True,ok,third_party/visualnav-transformer/model_weights/gnm/gnm.pth,12.14,0.3,-0.0683,0.6269,-0.0429,16.46,,,gnm_closed_loop,0.0,0.0,True,,,0.0,0.0,False,zeroed_hold,True,action_gross_bounds
gnm_closed_loop_20260708_031640,508,13.700001,1783477003.647115,1.193411,-0.000425,-0.0,2e-05,0.0,0.0,-1.1e-05,-0.000549,camera_link,13.700001,gnm_closed_loop,,emergency_stop,post-episode zero hold,True,ok,third_party/visualnav-transformer/model_weights/gnm/gnm.pth,12.14,0.3,-0.0683,0.6269,-0.0429,16.46,,,gnm_closed_loop,0.0,0.0,True,,,0.0,0.0,False,zeroed_hold,True,action_gross_bounds
gnm_closed_loop_20260708_031640,509,13.716667,1783477003.648709,1.19341,-0.000425,0.0,2.1e-05,0.0,0.0,-1.1e-05,-0.000549,camera_link,13.716667,gnm_closed_loop,,emergency_stop,post-episode zero hold,True,ok,third_party/visualnav-transformer/model_weights/gnm/gnm.pth,12.14,0.3,-0.0683,0.6269,-0.0429,16.46,,,gnm_closed_loop,0.0,0.0,True,,,0.0,0.0,False,zeroed_hold,True,action_gross_bounds
gnm_closed_loop_20260708_031640,510,13.733334,1783477003.655553,1.193408,-0.000425,0.0,2e-05,0.0,0.0,0.000143,-0.000813,camera_link,13.733334,gnm_closed_loop,,emergency_stop,post-episode zero hold,True,ok,third_party/visualnav-transformer/model_weights/gnm/gnm.pth,12.14,0.3,-0.0683,0.6269,-0.0429,16.46,,,gnm_closed_loop,0.0,0.0,True,,,0.0,0.0,False,zeroed_hold,True,action_gross_bounds
gnm_closed_loop_20260708_031640,511,13.750001,1783477003.6581,1.193403,-0.000425,-0.0,2e-05,0.0,0.0,0.000143,-0.000813,camera_link,13.750001,gnm_closed_loop,,emergency_stop,post-episode zero hold,True,ok,third_party/visualnav-transformer/model_weights/gnm/gnm.pth,12.14,0.3,-0.0683,0.6269,-0.0429,16.46,,,gnm_closed_loop,0.0,0.0,True,,,0.0,0.0,False,zeroed_hold,True,action_gross_bounds
gnm_closed_loop_20260708_031640,512,13.766667,1783477003.660115,1.193397,-0.000425,0.0,2.1e-05,0.0,0.0,0.000143,-0.000813,camera_link,13.766667,gnm_closed_loop,,emergency_stop,post-episode zero hold,True,ok,third_party/visualnav-transformer/model_weights/gnm/gnm.pth,12.14,0.3,-0.0683,0.6269,-0.0429,16.46,,,gnm_closed_loop,0.0,0.0,True,,,0.0,0.0,False,zeroed_hold,True,action_gross_bounds
gnm_closed_loop_20260708_031640,513,13.783334,1783477003.672482,1.19339,-0.000425,0.0,2e-05,0.0,0.0,-0.000122,-1.7e-05,camera_link,13.783334,gnm_closed_loop,,emergency_stop,post-episode zero hold,True,ok,third_party/visualnav-transformer/model_weights/gnm/gnm.pth,12.14,0.3,-0.0683,0.6269,-0.0429,16.46,,,gnm_closed_loop,0.0,0.0,True,,,0.0,0.0,False,zeroed_hold,True,action_gross_bounds
gnm_closed_loop_20260708_031640,514,13.800001,1783477003.674848,1.193382,-0.000425,0.0,2e-05,0.0,0.0,-0.000122,-1.7e-05,camera_link,13.800001,gnm_closed_loop,,emergency_stop,post-episode zero hold,True,ok,third_party/visualnav-transformer/model_weights/gnm/gnm.pth,12.14,0.3,-0.0683,0.6269,-0.0429,16.46,,,gnm_closed_loop,0.0,0.0,True,,,0.0,0.0,False,zeroed_hold,True,action_gross_bounds
gnm_closed_loop_20260708_031640,515,13.816667,1783477003.677214,1.193374,-0.000425,-0.0,2e-05,0.0,0.0,-0.000122,-1.7e-05,camera_link,13.816667,gnm_closed_loop,,emergency_stop,post-episode zero hold,True,ok,third_party/visualnav-transformer/model_weights/gnm/gnm.pth,12.14,0.3,-0.0683,0.6269,-0.0429,16.46,,,gnm_closed_loop,0.0,0.0,True,,,0.0,0.0,False,zeroed_hold,True,action_gross_bounds
gnm_closed_loop_20260708_031640,516,13.833334,1783477003.688717,1.193365,-0.000425,0.0,2e-05,0.0,0.0,-0.000169,-8e-06,camera_link,13.833334,gnm_closed_loop,,emergency_stop,post-episode zero hold,True,ok,third_party/visualnav-transformer/model_weights/gnm/gnm.pth,12.14,0.3,-0.0683,0.6269,-0.0429,16.46,,,gnm_closed_loop,0.0,0.0,True,,,0.0,0.0,False,zeroed_hold,True,action_gross_bounds
gnm_closed_loop_20260708_031640,517,13.850001,1783477003.691891,1.193357,-0.000425,0.0,2e-05,0.0,0.0,-0.000169,-8e-06,camera_link,13.850001,gnm_closed_loop,,emergency_stop,post-episode zero hold,True,ok,third_party/visualnav-transformer/model_weights/gnm/gnm.pth,12.14,0.3,-0.0683,0.6269,-0.0429,16.46,,,gnm_closed_loop,0.0,0.0,True,,,0.0,0.0,False,zeroed_hold,True,action_gross_bounds
gnm_closed_loop_20260708_031640,518,13.866667,1783477003.694215,1.19336,-0.000424,0.0,2.6e-05,0.0,0.0,-0.000169,-8e-06,camera_link,13.866667,gnm_closed_loop,,emergency_stop,post-episode zero hold,True,ok,third_party/visualnav-transformer/model_weights/gnm/gnm.pth,12.14,0.3,-0.0683,0.6269,-0.0429,16.46,,,gnm_closed_loop,0.0,0.0,True,,,0.0,0.0,False,zeroed_hold,True,action_gross_bounds
gnm_closed_loop_20260708_031640,519,13.883334,1783477003.705323,1.193356,-0.000425,-0.0,2e-05,0.0,0.0,-7.1e-05,0.000284,camera_link,13.883334,gnm_closed_loop,,emergency_stop,post-episode zero hold,True,ok,third_party/visualnav-transformer/model_weights/gnm/gnm.pth,12.14,0.3,-0.0683,0.6269,-0.0429,16.46,,,gnm_closed_loop,0.0,0.0,True,,,0.0,0.0,False,zeroed_hold,True,action_gross_bounds
gnm_closed_loop_20260708_031640,520,13.900001,1783477003.709184,1.193348,-0.000425,0.0,2e-05,0.0,0.0,-7.1e-05,0.000284,camera_link,13.900001,gnm_closed_loop,,emergency_stop,post-episode zero hold,True,ok,third_party/visualnav-transformer/model_weights/gnm/gnm.pth,12.14,0.3,-0.0683,0.6269,-0.0429,16.46,,,gnm_closed_loop,0.0,0.0,True,,,0.0,0.0,False,zeroed_hold,True,action_gross_bounds
gnm_closed_loop_20260708_031640,521,13.916667,1783477003.7122,1.19334,-0.000425,0.0,2.2e-05,0.0,0.0,-7.1e-05,0.000284,camera_link,13.916667,gnm_closed_loop,,emergency_stop,post-episode zero hold,True,ok,third_party/visualnav-transformer/model_weights/gnm/gnm.pth,12.14,0.3,-0.0683,0.6269,-0.0429,16.46,,,gnm_closed_loop,0.0,0.0,True,,,0.0,0.0,False,zeroed_hold,True,action_gross_bounds
gnm_closed_loop_20260708_031640,522,13.933334,1783477003.724618,1.193332,-0.000425,0.0,2.1e-05,0.0,0.0,-0.000134,-0.000224,camera_link,13.933334,gnm_closed_loop,,emergency_stop,post-episode zero hold,True,ok,third_party/visualnav-transformer/model_weights/gnm/gnm.pth,12.14,0.3,-0.0683,0.6269,-0.0429,16.46,,,gnm_closed_loop,0.0,0.0,True,,,0.0,0.0,False,zeroed_hold,True,action_gross_bounds
gnm_closed_loop_20260708_031640,523,13.950001,1783477003.726745,1.193324,-0.000425,0.0,2.1e-05,0.0,0.0,-0.000134,-0.000224,camera_link,13.950001,gnm_closed_loop,,emergency_stop,post-episode zero hold,True,ok,third_party/visualnav-transformer/model_weights/gnm/gnm.pth,12.14,0.3,-0.0683,0.6269,-0.0429,16.46,,,gnm_closed_loop,0.0,0.0,True,,,0.0,0.0,False,zeroed_hold,True,action_gross_bounds
gnm_closed_loop_20260708_031640,524,13.966667,1783477003.72845,1.193316,-0.000425,0.0,2.1e-05,0.0,0.0,-0.000134,-0.000224,camera_link,13.966667,gnm_closed_loop,,emergency_stop,post-episode zero hold,True,ok,third_party/visualnav-transformer/model_weights/gnm/gnm.pth,12.14,0.3,-0.0683,0.6269,-0.0429,16.46,,,gnm_closed_loop,0.0,0.0,True,,,0.0,0.0,False,zeroed_hold,True,action_gross_bounds
gnm_closed_loop_20260708_031640,525,13.983334,1783477003.737629,1.193308,-0.000425,0.0,2.1e-05,0.0,0.0,-0.000128,0.000463,camera_link,13.983334,gnm_closed_loop,,emergency_stop,post-episode zero hold,True,ok,third_party/visualnav-transformer/model_weights/gnm/gnm.pth,12.14,0.3,-0.0683,0.6269,-0.0429,16.46,,,gnm_closed_loop,0.0,0.0,True,,,0.0,0.0,False,zeroed_hold,True,action_gross_bounds
gnm_closed_loop_20260708_031640,526,14.000001,1783477003.739655,1.1933,-0.000425,0.0,2.1e-05,0.0,0.0,-0.000128,0.000463,camera_link,14.000001,gnm_closed_loop,,emergency_stop,post-episode zero hold,True,ok,third_party/visualnav-transformer/model_weights/gnm/gnm.pth,12.14,0.3,-0.0683,0.6269,-0.0429,16.46,,,gnm_closed_loop,0.0,0.0,True,,,0.0,0.0,False,zeroed_hold,True,action_gross_bounds
gnm_closed_loop_20260708_031640,527,14.016667,1783477003.742378,1.193301,-0.000425,0.0,2.3e-05,0.0,0.0,-0.000128,0.000463,camera_link,14.016667,gnm_closed_loop,,emergency_stop,post-episode zero hold,True,ok,third_party/visualnav-transformer/model_weights/gnm/gnm.pth,12.14,0.3,-0.0683,0.6269,-0.0429,16.46,,,gnm_closed_loop,0.0,0.0,True,,,0.0,0.0,False,zeroed_hold,True,action_gross_bounds
gnm_closed_loop_20260708_031640,528,14.033334,1783477003.754275,1.193297,-0.000425,0.0,2.2e-05,0.0,0.0,-6.5e-05,-7.1e-05,camera_link,14.033334,gnm_closed_loop,,emergency_stop,post-episode zero hold,True,ok,third_party/visualnav-transformer/model_weights/gnm/gnm.pth,12.14,0.3,-0.0683,0.6269,-0.0429,16.46,,,gnm_closed_loop,0.0,0.0,True,,,0.0,0.0,False,zeroed_hold,True,action_gross_bounds
gnm_closed_loop_20260708_031640,529,14.050001,1783477003.756579,1.193291,-0.000425,0.0,2.3e-05,0.0,0.0,-6.5e-05,-7.1e-05,camera_link,14.050001,gnm_closed_loop,,emergency_stop,post-episode zero hold,True,ok,third_party/visualnav-transformer/model_weights/gnm/gnm.pth,12.14,0.3,-0.0683,0.6269,-0.0429,16.46,,,gnm_closed_loop,0.0,0.0,True,,,0.0,0.0,False,zeroed_hold,True,action_gross_bounds
gnm_closed_loop_20260708_031640,530,14.066667,1783477003.758979,1.193286,-0.000425,0.0,2.1e-05,0.0,0.0,-6.5e-05,-7.1e-05,camera_link,14.066667,gnm_closed_loop,,emergency_stop,post-episode zero hold,True,ok,third_party/visualnav-transformer/model_weights/gnm/gnm.pth,12.14,0.3,-0.0683,0.6269,-0.0429,16.46,,,gnm_closed_loop,0.0,0.0,True,,,0.0,0.0,False,zeroed_hold,True,action_gross_bounds
gnm_closed_loop_20260708_031640,531,14.083334,1783477003.77037,1.193285,-0.000425,1e-06,2.3e-05,0.0,0.0,0.000368,-0.001731,camera_link,14.083334,gnm_closed_loop,,emergency_stop,post-episode zero hold,True,ok,third_party/visualnav-transformer/model_weights/gnm/gnm.pth,12.14,0.3,-0.0683,0.6269,-0.0429,16.46,,,gnm_closed_loop,0.0,0.0,True,,,0.0,0.0,False,zeroed_hold,True,action_gross_bounds
gnm_closed_loop_20260708_031640,532,14.100001,1783477003.773398,1.193281,-0.000425,0.0,2.2e-05,0.0,0.0,0.000368,-0.001731,camera_link,14.100001,gnm_closed_loop,,emergency_stop,post-episode zero hold,True,ok,third_party/visualnav-transformer/model_weights/gnm/gnm.pth,12.14,0.3,-0.0683,0.6269,-0.0429,16.46,,,gnm_closed_loop,0.0,0.0,True,,,0.0,0.0,False,zeroed_hold,True,action_gross_bounds
gnm_closed_loop_20260708_031640,533,14.116667,1783477003.775541,1.193274,-0.000425,-0.0,2.3e-05,0.0,0.0,0.000368,-0.001731,camera_link,14.116667,gnm_closed_loop,,emergency_stop,post-episode zero hold,True,ok,third_party/visualnav-transformer/model_weights/gnm/gnm.pth,12.14,0.3,-0.0683,0.6269,-0.0429,16.46,,,gnm_closed_loop,0.0,0.0,True,,,0.0,0.0,False,zeroed_hold,True,action_gross_bounds
gnm_closed_loop_20260708_031640,534,14.133334,1783477003.785033,1.193265,-0.000425,0.0,2.2e-05,0.0,0.0,-0.000129,-9e-06,camera_link,14.133334,gnm_closed_loop,,emergency_stop,post-episode zero hold,True,ok,third_party/visualnav-transformer/model_weights/gnm/gnm.pth,12.14,0.3,-0.0683,0.6269,-0.0429,16.46,,,gnm_closed_loop,0.0,0.0,True,,,0.0,0.0,False,zeroed_hold,True,action_gross_bounds
gnm_closed_loop_20260708_031640,535,14.150001,1783477003.787575,1.193257,-0.000425,0.0,2.1e-05,0.0,0.0,-0.000129,-9e-06,camera_link,14.150001,gnm_closed_loop,,emergency_stop,post-episode zero hold,True,ok,third_party/visualnav-transformer/model_weights/gnm/gnm.pth,12.14,0.3,-0.0683,0.6269,-0.0429,16.46,,,gnm_closed_loop,0.0,0.0,True,,,0.0,0.0,False,zeroed_hold,True,action_gross_bounds
gnm_closed_loop_20260708_031640,536,14.166667,1783477003.789745,1.193249,-0.000425,-0.0,2.1e-05,0.0,0.0,-0.000129,-9e-06,camera_link,14.166667,gnm_closed_loop,,emergency_stop,post-episode zero hold,True,ok,third_party/visualnav-transformer/model_weights/gnm/gnm.pth,12.14,0.3,-0.0683,0.6269,-0.0429,16.46,,,gnm_closed_loop,0.0,0.0,True,,,0.0,0.0,False,zeroed_hold,True,action_gross_bounds
gnm_closed_loop_20260708_031640,537,14.183334,1783477003.801461,1.193241,-0.000425,-0.0,2.1e-05,0.0,0.0,-0.000135,-0.000208,camera_link,14.183334,gnm_closed_loop,,emergency_stop,post-episode zero hold,True,ok,third_party/visualnav-transformer/model_weights/gnm/gnm.pth,12.14,0.3,-0.0683,0.6269,-0.0429,16.46,,,gnm_closed_loop,0.0,0.0,True,,,0.0,0.0,False,zeroed_hold,True,action_gross_bounds
gnm_closed_loop_20260708_031640,538,14.200001,1783477003.804671,1.193232,-0.000425,0.0,2.1e-05,0.0,0.0,-0.000135,-0.000208,camera_link,14.200001,gnm_closed_loop,,emergency_stop,post-episode zero hold,True,ok,third_party/visualnav-transformer/model_weights/gnm/gnm.pth,12.14,0.3,-0.0683,0.6269,-0.0429,16.46,,,gnm_closed_loop,0.0,0.0,True,,,0.0,0.0,False,zeroed_hold,True,action_gross_bounds
gnm_closed_loop_20260708_031640,539,14.216667,1783477003.808766,1.193223,-0.000425,0.0,2.1e-05,0.0,0.0,-0.000135,-0.000208,camera_link,14.216667,gnm_closed_loop,,emergency_stop,post-episode zero hold,True,ok,third_party/visualnav-transformer/model_weights/gnm/gnm.pth,12.14,0.3,-0.0683,0.6269,-0.0429,16.46,,,gnm_closed_loop,0.0,0.0,True,,,0.0,0.0,False,zeroed_hold,True,action_gross_bounds
gnm_closed_loop_20260708_031640,540,14.233334,1783477003.822897,1.193218,-0.000425,0.0,2.3e-05,0.0,0.0,-9e-05,-0.00137,camera_link,14.233334,gnm_closed_loop,,emergency_stop,post-episode zero hold,True,ok,third_party/visualnav-transformer/model_weights/gnm/gnm.pth,12.14,0.3,-0.0683,0.6269,-0.0429,16.46,,,gnm_closed_loop,0.0,0.0,True,,,0.0,0.0,False,zeroed_hold,True,action_gross_bounds
gnm_closed_loop_20260708_031640,541,14.250001,1783477003.82531,1.19321,-0.000425,0.0,2.1e-05,0.0,0.0,-9e-05,-0.00137,camera_link,14.250001,gnm_closed_loop,,emergency_stop,post-episode zero hold,True,ok,third_party/visualnav-transformer/model_weights/gnm/gnm.pth,12.14,0.3,-0.0683,0.6269,-0.0429,16.46,,,gnm_closed_loop,0.0,0.0,True,,,0.0,0.0,False,zeroed_hold,True,action_gross_bounds
gnm_closed_loop_20260708_031640,542,14.266667,1783477003.827122,1.193202,-0.000425,0.0,2.1e-05,0.0,0.0,-9e-05,-0.00137,camera_link,14.266667,gnm_closed_loop,,emergency_stop,post-episode zero hold,True,ok,third_party/visualnav-transformer/model_weights/gnm/gnm.pth,12.14,0.3,-0.0683,0.6269,-0.0429,16.46,,,gnm_closed_loop,0.0,0.0,True,,,0.0,0.0,False,zeroed_hold,True,action_gross_bounds
gnm_closed_loop_20260708_031640,543,14.283334,1783477003.838277,1.193196,-0.000425,0.0,2.3e-05,0.0,0.0,-8e-05,-0.001206,camera_link,14.283334,gnm_closed_loop,,emergency_stop,post-episode zero hold,True,ok,third_party/visualnav-transformer/model_weights/gnm/gnm.pth,12.14,0.3,-0.0683,0.6269,-0.0429,16.46,,,gnm_closed_loop,0.0,0.0,True,,,0.0,0.0,False,zeroed_hold,True,action_gross_bounds
gnm_closed_loop_20260708_031640,544,14.300001,1783477003.841378,1.193189,-0.000425,0.0,2.1e-05,0.0,0.0,-8e-05,-0.001206,camera_link,14.300001,gnm_closed_loop,,emergency_stop,post-episode zero hold,True,ok,third_party/visualnav-transformer/model_weights/gnm/gnm.pth,12.14,0.3,-0.0683,0.6269,-0.0429,16.46,,,gnm_closed_loop,0.0,0.0,True,,,0.0,0.0,False,zeroed_hold,True,action_gross_bounds
gnm_closed_loop_20260708_031640,545,14.316667,1783477003.844972,1.19318,-0.000425,0.0,2.1e-05,0.0,0.0,-8e-05,-0.001206,camera_link,14.316667,gnm_closed_loop,,emergency_stop,post-episode zero hold,True,ok,third_party/visualnav-transformer/model_weights/gnm/gnm.pth,12.14,0.3,-0.0683,0.6269,-0.0429,16.46,,,gnm_closed_loop,0.0,0.0,True,,,0.0,0.0,False,zeroed_hold,True,action_gross_bounds
gnm_closed_loop_20260708_031640,546,14.333334,1783477003.856976,1.193172,-0.000425,0.0,2.1e-05,0.0,0.0,-0.000143,-0.0001,camera_link,14.333334,gnm_closed_loop,,emergency_stop,post-episode zero hold,True,ok,third_party/visualnav-transformer/model_weights/gnm/gnm.pth,12.14,0.3,-0.0683,0.6269,-0.0429,16.46,,,gnm_closed_loop,0.0,0.0,True,,,0.0,0.0,False,zeroed_hold,True,action_gross_bounds
gnm_closed_loop_20260708_031640,547,14.350001,1783477003.86009,1.193165,-0.000425,0.0,2.1e-05,0.0,0.0,-0.000143,-0.0001,camera_link,14.350001,gnm_closed_loop,,emergency_stop,post-episode zero hold,True,ok,third_party/visualnav-transformer/model_weights/gnm/gnm.pth,12.14,0.3,-0.0683,0.6269,-0.0429,16.46,,,gnm_closed_loop,0.0,0.0,True,,,0.0,0.0,False,zeroed_hold,True,action_gross_bounds
gnm_closed_loop_20260708_031640,548,14.366667,1783477003.863413,1.193156,-0.000425,0.0,2.1e-05,0.0,0.0,-0.000143,-0.0001,camera_link,14.366667,gnm_closed_loop,,emergency_stop,post-episode zero hold,True,ok,third_party/visualnav-transformer/model_weights/gnm/gnm.pth,12.14,0.3,-0.0683,0.6269,-0.0429,16.46,,,gnm_closed_loop,0.0,0.0,True,,,0.0,0.0,False,zeroed_hold,True,action_gross_bounds
gnm_closed_loop_20260708_031640,549,14.383334,1783477003.882552,1.193148,-0.000425,-0.0,2.1e-05,0.0,0.0,-0.000152,-0.000219,camera_link,14.383334,gnm_closed_loop,,emergency_stop,post-episode zero hold,True,ok,third_party/visualnav-transformer/model_weights/gnm/gnm.pth,12.14,0.3,-0.0683,0.6269,-0.0429,16.46,,,gnm_closed_loop,0.0,0.0,True,,,0.0,0.0,False,zeroed_hold,True,action_gross_bounds
gnm_closed_loop_20260708_031640,550,14.400001,1783477003.887417,1.193139,-0.000425,0.0,2.1e-05,0.0,0.0,-0.000152,-0.000219,camera_link,14.400001,gnm_closed_loop,,emergency_stop,post-episode zero hold,True,ok,third_party/visualnav-transformer/model_weights/gnm/gnm.pth,12.14,0.3,-0.0683,0.6269,-0.0429,16.46,,,gnm_closed_loop,0.0,0.0,True,,,0.0,0.0,False,zeroed_hold,True,action_gross_bounds
gnm_closed_loop_20260708_031640,551,14.416667,1783477003.895465,1.193132,-0.000425,0.0,2.1e-05,0.0,0.0,-0.000152,-0.000219,camera_link,14.416667,gnm_closed_loop,,emergency_stop,post-episode zero hold,True,ok,third_party/visualnav-transformer/model_weights/gnm/gnm.pth,12.14,0.3,-0.0683,0.6269,-0.0429,16.46,,,gnm_closed_loop,0.0,0.0,True,,,0.0,0.0,False,zeroed_hold,True,action_gross_bounds
gnm_closed_loop_20260708_031640,552,14.433334,1783477003.919608,1.193132,-0.000425,0.0,2.2e-05,0.0,0.0,3e-06,-0.001525,camera_link,14.433334,gnm_closed_loop,,emergency_stop,post-episode zero hold,True,ok,third_party/visualnav-transformer/model_weights/gnm/gnm.pth,12.14,0.3,-0.0683,0.6269,-0.0429,16.46,,,gnm_closed_loop,0.0,0.0,True,,,0.0,0.0,False,zeroed_hold,True,action_gross_bounds
gnm_closed_loop_20260708_031640,553,14.450001,1783477003.925317,1.193126,-0.000425,-0.0,2.1e-05,0.0,0.0,3e-06,-0.001525,camera_link,14.450001,gnm_closed_loop,,emergency_stop,post-episode zero hold,True,ok,third_party/visualnav-transformer/model_weights/gnm/gnm.pth,12.14,0.3,-0.0683,0.6269,-0.0429,16.46,,,gnm_closed_loop,0.0,0.0,True,,,0.0,0.0,False,zeroed_hold,True,action_gross_bounds
gnm_closed_loop_20260708_031640,554,14.466667,1783477003.92888,1.193117,-0.000425,-0.0,2.1e-05,0.0,0.0,3e-06,-0.001525,camera_link,14.466667,gnm_closed_loop,,emergency_stop,post-episode zero hold,True,ok,third_party/visualnav-transformer/model_weights/gnm/gnm.pth,12.14,0.3,-0.0683,0.6269,-0.0429,16.46,,,gnm_closed_loop,0.0,0.0,True,,,0.0,0.0,False,zeroed_hold,True,action_gross_bounds
gnm_closed_loop_20260708_031640,555,14.483334,1783477003.957605,1.193109,-0.000425,0.0,2.1e-05,0.0,0.0,-0.000158,0.000205,camera_link,14.483334,gnm_closed_loop,,emergency_stop,post-episode zero hold,True,ok,third_party/visualnav-transformer/model_weights/gnm/gnm.pth,12.14,0.3,-0.0683,0.6269,-0.0429,16.46,,,gnm_closed_loop,0.0,0.0,True,,,0.0,0.0,False,zeroed_hold,True,action_gross_bounds
gnm_closed_loop_20260708_031640,556,14.500001,1783477003.959674,1.193101,-0.000425,0.0,2.1e-05,0.0,0.0,-0.000158,0.000205,camera_link,14.500001,gnm_closed_loop,,emergency_stop,post-episode zero hold,True,ok,third_party/visualnav-transformer/model_weights/gnm/gnm.pth,12.14,0.3,-0.0683,0.6269,-0.0429,16.46,,,gnm_closed_loop,0.0,0.0,True,,,0.0,0.0,False,zeroed_hold,True,action_gross_bounds
gnm_closed_loop_20260708_031640,557,14.516667,1783477003.962265,1.193092,-0.000425,0.0,2.1e-05,0.0,0.0,-0.000158,0.000205,camera_link,14.516667,gnm_closed_loop,,emergency_stop,post-episode zero hold,True,ok,third_party/visualnav-transformer/model_weights/gnm/gnm.pth,12.14,0.3,-0.0683,0.6269,-0.0429,16.46,,,gnm_closed_loop,0.0,0.0,True,,,0.0,0.0,False,zeroed_hold,True,action_gross_bounds
gnm_closed_loop_20260708_031640,558,14.533334,1783477003.97226,1.193085,-0.000425,0.0,2.1e-05,0.0,0.0,-0.000128,7e-06,camera_link,14.533334,gnm_closed_loop,,emergency_stop,post-episode zero hold,True,ok,third_party/visualnav-transformer/model_weights/gnm/gnm.pth,12.14,0.3,-0.0683,0.6269,-0.0429,16.46,,,gnm_closed_loop,0.0,0.0,True,,,0.0,0.0,False,zeroed_hold,True,action_gross_bounds
gnm_closed_loop_20260708_031640,559,14.550001,1783477003.975029,1.193077,-0.000425,0.0,2.1e-05,0.0,0.0,-0.000128,7e-06,camera_link,14.550001,gnm_closed_loop,,emergency_stop,post-episode zero hold,True,ok,third_party/visualnav-transformer/model_weights/gnm/gnm.pth,12.14,0.3,-0.0683,0.6269,-0.0429,16.46,,,gnm_closed_loop,0.0,0.0,True,,,0.0,0.0,False,zeroed_hold,True,action_gross_bounds
gnm_closed_loop_20260708_031640,560,14.566667,1783477003.981205,1.193068,-0.000425,-0.0,2.1e-05,0.0,0.0,-0.000128,7e-06,camera_link,14.566667,gnm_closed_loop,,emergency_stop,post-episode zero hold,True,ok,third_party/visualnav-transformer/model_weights/gnm/gnm.pth,12.14,0.3,-0.0683,0.6269,-0.0429,16.46,,,gnm_closed_loop,0.0,0.0,True,,,0.0,0.0,False,zeroed_hold,True,action_gross_bounds
gnm_closed_loop_20260708_031640,561,14.583334,1783477003.996835,1.19306,-0.000425,0.0,2.1e-05,0.0,0.0,-0.000158,0.000233,camera_link,14.583334,gnm_closed_loop,,emergency_stop,post-episode zero hold,True,ok,third_party/visualnav-transformer/model_weights/gnm/gnm.pth,12.14,0.3,-0.0683,0.6269,-0.0429,16.46,,,gnm_closed_loop,0.0,0.0,True,,,0.0,0.0,False,zeroed_hold,True,action_gross_bounds
gnm_closed_loop_20260708_031640,562,14.600001,1783477003.999219,1.193051,-0.000425,0.0,2.1e-05,0.0,0.0,-0.000158,0.000233,camera_link,14.600001,gnm_closed_loop,,emergency_stop,post-episode zero hold,True,ok,third_party/visualnav-transformer/model_weights/gnm/gnm.pth,12.14,0.3,-0.0683,0.6269,-0.0429,16.46,,,gnm_closed_loop,0.0,0.0,True,,,0.0,0.0,False,zeroed_hold,True,action_gross_bounds
gnm_closed_loop_20260708_031640,563,14.616667,1783477004.000954,1.193044,-0.000425,0.0,2.1e-05,0.0,0.0,-0.000158,0.000233,camera_link,14.616667,gnm_closed_loop,,emergency_stop,post-episode zero hold,True,ok,third_party/visualnav-transformer/model_weights/gnm/gnm.pth,12.14,0.3,-0.0683,0.6269,-0.0429,16.46,,,gnm_closed_loop,0.0,0.0,True,,,0.0,0.0,False,zeroed_hold,True,action_gross_bounds
gnm_closed_loop_20260708_031640,564,14.633334,1783477004.012422,1.193036,-0.000425,0.0,2.1e-05,0.0,0.0,-0.000156,-0.000569,camera_link,14.633334,gnm_closed_loop,,emergency_stop,post-episode zero hold,True,ok,third_party/visualnav-transformer/model_weights/gnm/gnm.pth,12.14,0.3,-0.0683,0.6269,-0.0429,16.46,,,gnm_closed_loop,0.0,0.0,True,,,0.0,0.0,False,zeroed_hold,True,action_gross_bounds
gnm_closed_loop_20260708_031640,565,14.650001,1783477004.015542,1.193028,-0.000425,0.0,2.1e-05,0.0,0.0,-0.000156,-0.000569,camera_link,14.650001,gnm_closed_loop,,emergency_stop,post-episode zero hold,True,ok,third_party/visualnav-transformer/model_weights/gnm/gnm.pth,12.14,0.3,-0.0683,0.6269,-0.0429,16.46,,,gnm_closed_loop,0.0,0.0,True,,,0.0,0.0,False,zeroed_hold,True,action_gross_bounds
gnm_closed_loop_20260708_031640,566,14.666667,1783477004.01817,1.19302,-0.000425,0.0,2.1e-05,0.0,0.0,-0.000156,-0.000569,camera_link,14.666667,gnm_closed_loop,,emergency_stop,post-episode zero hold,True,ok,third_party/visualnav-transformer/model_weights/gnm/gnm.pth,12.14,0.3,-0.0683,0.6269,-0.0429,16.46,,,gnm_closed_loop,0.0,0.0,True,,,0.0,0.0,False,zeroed_hold,True,action_gross_bounds
gnm_closed_loop_20260708_031640,567,14.683334,1783477004.029361,1.193012,-0.000425,-0.0,2.1e-05,0.0,0.0,-0.000183,-0.000225,camera_link,14.683334,gnm_closed_loop,,emergency_stop,post-episode zero hold,True,ok,third_party/visualnav-transformer/model_weights/gnm/gnm.pth,12.14,0.3,-0.0683,0.6269,-0.0429,16.46,,,gnm_closed_loop,0.0,0.0,True,,,0.0,0.0,False,zeroed_hold,True,action_gross_bounds
gnm_closed_loop_20260708_031640,568,14.700001,1783477004.032921,1.193004,-0.000425,-0.0,2.1e-05,0.0,0.0,-0.000183,-0.000225,camera_link,14.700001,gnm_closed_loop,,emergency_stop,post-episode zero hold,True,ok,third_party/visualnav-transformer/model_weights/gnm/gnm.pth,12.14,0.3,-0.0683,0.6269,-0.0429,16.46,,,gnm_closed_loop,0.0,0.0,True,,,0.0,0.0,False,zeroed_hold,True,action_gross_bounds
gnm_closed_loop_20260708_031640,569,14.716667,1783477004.036961,1.192994,-0.000425,0.0,2.1e-05,0.0,0.0,-0.000183,-0.000225,camera_link,14.716667,gnm_closed_loop,,emergency_stop,post-episode zero hold,True,ok,third_party/visualnav-transformer/model_weights/gnm/gnm.pth,12.14,0.3,-0.0683,0.6269,-0.0429,16.46,,,gnm_closed_loop,0.0,0.0,True,,,0.0,0.0,False,zeroed_hold,True,action_gross_bounds
gnm_closed_loop_20260708_031640,570,14.733334,1783477004.051873,1.192986,-0.000425,-0.0,2.1e-05,0.0,0.0,-0.000131,-0.000484,camera_link,14.733334,gnm_closed_loop,,emergency_stop,post-episode zero hold,True,ok,third_party/visualnav-transformer/model_weights/gnm/gnm.pth,12.14,0.3,-0.0683,0.6269,-0.0429,16.46,,,gnm_closed_loop,0.0,0.0,True,,,0.0,0.0,False,zeroed_hold,True,action_gross_bounds
gnm_closed_loop_20260708_031640,571,14.750001,1783477004.054254,1.192977,-0.000425,0.0,2.1e-05,0.0,0.0,-0.000131,-0.000484,camera_link,14.750001,gnm_closed_loop,,emergency_stop,post-episode zero hold,True,ok,third_party/visualnav-transformer/model_weights/gnm/gnm.pth,12.14,0.3,-0.0683,0.6269,-0.0429,16.46,,,gnm_closed_loop,0.0,0.0,True,,,0.0,0.0,False,zeroed_hold,True,action_gross_bounds
gnm_closed_loop_20260708_031640,572,14.766667,1783477004.056039,1.192969,-0.000425,0.0,2.1e-05,0.0,0.0,-0.000131,-0.000484,camera_link,14.766667,gnm_closed_loop,,emergency_stop,post-episode zero hold,True,ok,third_party/visualnav-transformer/model_weights/gnm/gnm.pth,12.14,0.3,-0.0683,0.6269,-0.0429,16.46,,,gnm_closed_loop,0.0,0.0,True,,,0.0,0.0,False,zeroed_hold,True,action_gross_bounds
gnm_closed_loop_20260708_031640,573,14.783334,1783477004.064051,1.192964,-0.000425,0.0,2.7e-05,0.0,0.0,-0.000131,-0.004355,camera_link,14.783334,gnm_closed_loop,,emergency_stop,post-episode zero hold,True,ok,third_party/visualnav-transformer/model_weights/gnm/gnm.pth,12.14,0.3,-0.0683,0.6269,-0.0429,16.46,,,gnm_closed_loop,0.0,0.0,True,,,0.0,0.0,False,zeroed_hold,True,action_gross_bounds
gnm_closed_loop_20260708_031640,574,14.800001,1783477004.066765,1.192958,-0.000425,0.0,2.3e-05,0.0,0.0,-0.000131,-0.004355,camera_link,14.800001,gnm_closed_loop,,emergency_stop,post-episode zero hold,True,ok,third_party/visualnav-transformer/model_weights/gnm/gnm.pth,12.14,0.3,-0.0683,0.6269,-0.0429,16.46,,,gnm_closed_loop,0.0,0.0,True,,,0.0,0.0,False,zeroed_hold,True,action_gross_bounds
gnm_closed_loop_20260708_031640,575,14.816667,1783477004.069331,1.192951,-0.000425,0.0,2.1e-05,0.0,0.0,-0.000131,-0.004355,camera_link,14.816667,gnm_closed_loop,,emergency_stop,post-episode zero hold,True,ok,third_party/visualnav-transformer/model_weights/gnm/gnm.pth,12.14,0.3,-0.0683,0.6269,-0.0429,16.46,,,gnm_closed_loop,0.0,0.0,True,,,0.0,0.0,False,zeroed_hold,True,action_gross_bounds
gnm_closed_loop_20260708_031640,576,14.833334,1783477004.078759,1.192943,-0.000425,0.0,2.2e-05,0.0,0.0,-0.000116,-0.000383,camera_link,14.833334,gnm_closed_loop,,emergency_stop,post-episode zero hold,True,ok,third_party/visualnav-transformer/model_weights/gnm/gnm.pth,12.14,0.3,-0.0683,0.6269,-0.0429,16.46,,,gnm_closed_loop,0.0,0.0,True,,,0.0,0.0,False,zeroed_hold,True,action_gross_bounds
gnm_closed_loop_20260708_031640,577,14.850001,1783477004.080462,1.192935,-0.000425,0.0,2.1e-05,0.0,0.0,-0.000116,-0.000383,camera_link,14.850001,gnm_closed_loop,,emergency_stop,post-episode zero hold,True,ok,third_party/visualnav-transformer/model_weights/gnm/gnm.pth,12.14,0.3,-0.0683,0.6269,-0.0429,16.46,,,gnm_closed_loop,0.0,0.0,True,,,0.0,0.0,False,zeroed_hold,True,action_gross_bounds
gnm_closed_loop_20260708_031640,578,14.866667,1783477004.082093,1.192927,-0.000425,0.0,2.2e-05,0.0,0.0,-0.000116,-0.000383,camera_link,14.866667,gnm_closed_loop,,emergency_stop,post-episode zero hold,True,ok,third_party/visualnav-transformer/model_weights/gnm/gnm.pth,12.14,0.3,-0.0683,0.6269,-0.0429,16.46,,,gnm_closed_loop,0.0,0.0,True,,,0.0,0.0,False,zeroed_hold,True,action_gross_bounds
gnm_closed_loop_20260708_031640,579,14.883334,1783477004.091121,1.192919,-0.000425,0.0,2.1e-05,0.0,0.0,-0.000129,-0.000665,camera_link,14.883334,gnm_closed_loop,,emergency_stop,post-episode zero hold,True,ok,third_party/visualnav-transformer/model_weights/gnm/gnm.pth,12.14,0.3,-0.0683,0.6269,-0.0429,16.46,,,gnm_closed_loop,0.0,0.0,True,,,0.0,0.0,False,zeroed_hold,True,action_gross_bounds
gnm_closed_loop_20260708_031640,580,14.900001,1783477004.093188,1.192911,-0.000425,0.0,2.1e-05,0.0,0.0,-0.000129,-0.000665,camera_link,14.900001,gnm_closed_loop,,emergency_stop,post-episode zero hold,True,ok,third_party/visualnav-transformer/model_weights/gnm/gnm.pth,12.14,0.3,-0.0683,0.6269,-0.0429,16.46,,,gnm_closed_loop,0.0,0.0,True,,,0.0,0.0,False,zeroed_hold,True,action_gross_bounds
gnm_closed_loop_20260708_031640,581,14.916667,1783477004.09626,1.192904,-0.000425,0.0,2.1e-05,0.0,0.0,-0.000129,-0.000665,camera_link,14.916667,gnm_closed_loop,,emergency_stop,post-episode zero hold,True,ok,third_party/visualnav-transformer/model_weights/gnm/gnm.pth,12.14,0.3,-0.0683,0.6269,-0.0429,16.46,,,gnm_closed_loop,0.0,0.0,True,,,0.0,0.0,False,zeroed_hold,True,action_gross_bounds
gnm_closed_loop_20260708_031640,582,14.933334,1783477004.111094,1.192896,-0.000425,0.0,2.1e-05,0.0,0.0,-0.000146,0.000273,camera_link,14.933334,gnm_closed_loop,,emergency_stop,post-episode zero hold,True,ok,third_party/visualnav-transformer/model_weights/gnm/gnm.pth,12.14,0.3,-0.0683,0.6269,-0.0429,16.46,,,gnm_closed_loop,0.0,0.0,True,,,0.0,0.0,False,zeroed_hold,True,action_gross_bounds
gnm_closed_loop_20260708_031640,583,14.950001,1783477004.115633,1.192888,-0.000425,0.0,2.1e-05,0.0,0.0,-0.000146,0.000273,camera_link,14.950001,gnm_closed_loop,,emergency_stop,post-episode zero hold,True,ok,third_party/visualnav-transformer/model_weights/gnm/gnm.pth,12.14,0.3,-0.0683,0.6269,-0.0429,16.46,,,gnm_closed_loop,0.0,0.0,True,,,0.0,0.0,False,zeroed_hold,True,action_gross_bounds
gnm_closed_loop_20260708_031640,584,14.966667,1783477004.118565,1.19288,-0.000425,0.0,2.1e-05,0.0,0.0,-0.000146,0.000273,camera_link,14.966667,gnm_closed_loop,,emergency_stop,post-episode zero hold,True,ok,third_party/visualnav-transformer/model_weights/gnm/gnm.pth,12.14,0.3,-0.0683,0.6269,-0.0429,16.46,,,gnm_closed_loop,0.0,0.0,True,,,0.0,0.0,False,zeroed_hold,True,action_gross_bounds
gnm_closed_loop_20260708_031640,585,14.983334,1783477004.133214,1.192872,-0.000425,0.0,2.1e-05,0.0,0.0,-0.000112,-1.7e-05,camera_link,14.983334,gnm_closed_loop,,emergency_stop,post-episode zero hold,True,ok,third_party/visualnav-transformer/model_weights/gnm/gnm.pth,12.14,0.3,-0.0683,0.6269,-0.0429,16.46,,,gnm_closed_loop,0.0,0.0,True,,,0.0,0.0,False,zeroed_hold,True,action_gross_bounds
gnm_closed_loop_20260708_031640,586,15.000001,1783477004.137357,1.192864,-0.000425,0.0,2.1e-05,0.0,0.0,-0.000112,-1.7e-05,camera_link,15.000001,gnm_closed_loop,,emergency_stop,post-episode zero hold,True,ok,third_party/visualnav-transformer/model_weights/gnm/gnm.pth,12.14,0.3,-0.0683,0.6269,-0.0429,16.46,,,gnm_closed_loop,0.0,0.0,True,,,0.0,0.0,False,zeroed_hold,True,action_gross_bounds
gnm_closed_loop_20260708_031640,587,15.016667,1783477004.141131,1.192856,-0.000425,0.0,2.2e-05,0.0,0.0,-0.000112,-1.7e-05,camera_link,15.016667,gnm_closed_loop,,emergency_stop,post-episode zero hold,True,ok,third_party/visualnav-transformer/model_weights/gnm/gnm.pth,12.14,0.3,-0.0683,0.6269,-0.0429,16.46,,,gnm_closed_loop,0.0,0.0,True,,,0.0,0.0,False,zeroed_hold,True,action_gross_bounds
gnm_closed_loop_20260708_031640,588,15.033334,1783477004.155043,1.192848,-0.000425,0.0,2.1e-05,0.0,0.0,-0.000124,-1.2e-05,camera_link,15.033334,gnm_closed_loop,,emergency_stop,post-episode zero hold,True,ok,third_party/visualnav-transformer/model_weights/gnm/gnm.pth,12.14,0.3,-0.0683,0.6269,-0.0429,16.46,,,gnm_closed_loop,0.0,0.0,True,,,0.0,0.0,False,zeroed_hold,True,action_gross_bounds
gnm_closed_loop_20260708_031640,589,15.050001,1783477004.160032,1.192841,-0.000425,0.0,2.1e-05,0.0,0.0,-0.000124,-1.2e-05,camera_link,15.050001,gnm_closed_loop,,emergency_stop,post-episode zero hold,True,ok,third_party/visualnav-transformer/model_weights/gnm/gnm.pth,12.14,0.3,-0.0683,0.6269,-0.0429,16.46,,,gnm_closed_loop,0.0,0.0,True,,,0.0,0.0,False,zeroed_hold,True,action_gross_bounds
gnm_closed_loop_20260708_031640,590,15.066667,1783477004.16432,1.192832,-0.000425,-0.0,2.1e-05,0.0,0.0,-0.000124,-1.2e-05,camera_link,15.066667,gnm_closed_loop,,emergency_stop,post-episode zero hold,True,ok,third_party/visualnav-transformer/model_weights/gnm/gnm.pth,12.14,0.3,-0.0683,0.6269,-0.0429,16.46,,,gnm_closed_loop,0.0,0.0,True,,,0.0,0.0,False,zeroed_hold,True,action_gross_bounds
gnm_closed_loop_20260708_031640,591,15.083334,1783477004.178895,1.192824,-0.000425,0.0,2.1e-05,0.0,0.0,-0.000171,-5.3e-05,camera_link,15.083334,gnm_closed_loop,,emergency_stop,post-episode zero hold,True,ok,third_party/visualnav-transformer/model_weights/gnm/gnm.pth,12.14,0.3,-0.0683,0.6269,-0.0429,16.46,,,gnm_closed_loop,0.0,0.0,True,,,0.0,0.0,False,zeroed_hold,True,action_gross_bounds
gnm_closed_loop_20260708_031640,592,15.100001,1783477004.184605,1.192815,-0.000425,-0.0,2.1e-05,0.0,0.0,-0.000171,-5.3e-05,camera_link,15.100001,gnm_closed_loop,,emergency_stop,post-episode zero hold,True,ok,third_party/visualnav-transformer/model_weights/gnm/gnm.pth,12.14,0.3,-0.0683,0.6269,-0.0429,16.46,,,gnm_closed_loop,0.0,0.0,True,,,0.0,0.0,False,zeroed_hold,True,action_gross_bounds
gnm_closed_loop_20260708_031640,593,15.116667,1783477004.19043,1.192807,-0.000425,0.0,2.1e-05,0.0,0.0,-0.000171,-5.3e-05,camera_link,15.116667,gnm_closed_loop,,emergency_stop,post-episode zero hold,True,ok,third_party/visualnav-transformer/model_weights/gnm/gnm.pth,12.14,0.3,-0.0683,0.6269,-0.0429,16.46,,,gnm_closed_loop,0.0,0.0,True,,,0.0,0.0,False,zeroed_hold,True,action_gross_bounds
gnm_closed_loop_20260708_031640,594,15.133334,1783477004.214172,1.192798,-0.000425,-0.0,2.1e-05,0.0,0.0,-0.000171,9e-05,camera_link,15.133334,gnm_closed_loop,,emergency_stop,post-episode zero hold,True,ok,third_party/visualnav-transformer/model_weights/gnm/gnm.pth,12.14,0.3,-0.0683,0.6269,-0.0429,16.46,,,gnm_closed_loop,0.0,0.0,True,,,0.0,0.0,False,zeroed_hold,True,action_gross_bounds
gnm_closed_loop_20260708_031640,595,15.150001,1783477004.217573,1.19279,-0.000425,0.0,2.1e-05,0.0,0.0,-0.000171,9e-05,camera_link,15.150001,gnm_closed_loop,,emergency_stop,post-episode zero hold,True,ok,third_party/visualnav-transformer/model_weights/gnm/gnm.pth,12.14,0.3,-0.0683,0.6269,-0.0429,16.46,,,gnm_closed_loop,0.0,0.0,True,,,0.0,0.0,False,zeroed_hold,True,action_gross_bounds
gnm_closed_loop_20260708_031640,596,15.166667,1783477004.220199,1.192782,-0.000425,0.0,2.1e-05,0.0,0.0,-0.000171,9e-05,camera_link,15.166667,gnm_closed_loop,,emergency_stop,post-episode zero hold,True,ok,third_party/visualnav-transformer/model_weights/gnm/gnm.pth,12.14,0.3,-0.0683,0.6269,-0.0429,16.46,,,gnm_closed_loop,0.0,0.0,True,,,0.0,0.0,False,zeroed_hold,True,action_gross_bounds
gnm_closed_loop_20260708_031640,597,15.183334,1783477004.2319,1.192774,-0.000425,-0.0,2.1e-05,0.0,0.0,-0.000146,-1.5e-05,camera_link,15.183334,gnm_closed_loop,,emergency_stop,post-episode zero hold,True,ok,third_party/visualnav-transformer/model_weights/gnm/gnm.pth,12.14,0.3,-0.0683,0.6269,-0.0429,16.46,,,gnm_closed_loop,0.0,0.0,True,,,0.0,0.0,False,zeroed_hold,True,action_gross_bounds
gnm_closed_loop_20260708_031640,598,15.200001,1783477004.234636,1.192774,-0.000425,1e-06,2.3e-05,0.0,0.0,-0.000146,-1.5e-05,camera_link,15.200001,gnm_closed_loop,,emergency_stop,post-episode zero hold,True,ok,third_party/visualnav-transformer/model_weights/gnm/gnm.pth,12.14,0.3,-0.0683,0.6269,-0.0429,16.46,,,gnm_closed_loop,0.0,0.0,True,,,0.0,0.0,False,zeroed_hold,True,action_gross_bounds
gnm_closed_loop_20260708_031640,599,15.216667,1783477004.236822,1.192775,-0.000425,0.0,2.3e-05,0.0,0.0,-0.000146,-1.5e-05,camera_link,15.216667,gnm_closed_loop,,emergency_stop,post-episode zero hold,True,ok,third_party/visualnav-transformer/model_weights/gnm/gnm.pth,12.14,0.3,-0.0683,0.6269,-0.0429,16.46,,,gnm_closed_loop,0.0,0.0,True,,,0.0,0.0,False,zeroed_hold,True,action_gross_bounds
