episode_id,step_idx,sim_time,wall_time,robot_position_x,robot_position_y,robot_position_z,robot_yaw,linear_velocity_cmd,angular_velocity_cmd,odom_linear_velocity,odom_angular_velocity,camera_frame_id,image_timestamp,policy_mode,stop_signal,safety_state,notes,shadow_gnm_enabled,shadow_gnm_status,shadow_gnm_model_path,shadow_gnm_latency_ms,shadow_gnm_candidate_linear_velocity,shadow_gnm_candidate_angular_velocity,shadow_gnm_candidate_waypoint_x,shadow_gnm_candidate_waypoint_y,shadow_gnm_goal_distance,shadow_gnm_confidence,shadow_gnm_error,actual_controller,actual_linear_velocity_cmd,actual_angular_velocity_cmd,collision_detected,collision_count_so_far,collision_body,experiment_id,pair_id,condition,stop_rule_name,stop_rule_threshold,stop_rule_k,stop_rule_ratio,initial_predicted_distance,normalized_predicted_distance,stop_triggered,goal_id,distance_to_goal_m,gnm_control_enabled,gnm_action_raw_linear_velocity,gnm_action_raw_angular_velocity,gnm_action_clipped_linear_velocity,gnm_action_clipped_angular_velocity,action_clipped,watchdog_state,emergency_stop_triggered,stop_reason
h2_ft_M_r2_20260709_230513,0,9.716667,1783635376.935315,3.500269,2.500269,-0.0,-2.356007,0.2,-0.1256,-0.000188,0.002355,camera_link,9.716667,gnm_closed_loop,,nominal,,True,ok,checkpoints/hospital_front_rgb_finetune/best.pt,4.36,0.3803,-0.1256,0.0951,-0.003,0.4912,,,gnm_closed_loop,0.2,-0.1256,False,0,,hospital_h2_collection,,collector=hospital_front_rgb_finetune;difficulty=test_occluded,,,,,,,False,h2_test_occluded_M,7.1067,True,0.3803,-0.1256,0.2,-0.1256,True,armed,False,
h2_ft_M_r2_20260709_230513,1,9.733334,1783635376.938085,3.499283,2.499284,-0.0,-2.355915,0.2,-0.1256,-0.000188,0.002355,camera_link,9.733334,gnm_closed_loop,,nominal,,True,ok,checkpoints/hospital_front_rgb_finetune/best.pt,4.36,0.3803,-0.1256,0.0951,-0.003,0.4912,,,gnm_closed_loop,0.2,-0.1256,True,2,/World/Hospital/SM_ReceptionDesk_01a_46/SM_ReceptionDesk_01a,hospital_h2_collection,,collector=hospital_front_rgb_finetune;difficulty=test_occluded,,,,,,,False,h2_test_occluded_M,7.1053,True,0.3803,-0.1256,0.2,-0.1256,True,armed,False,
h2_ft_M_r2_20260709_230513,2,9.750001,1783635376.940574,3.497473,2.497473,-0.0,-2.355916,0.2,-0.1256,-0.000188,0.002355,camera_link,9.750001,gnm_closed_loop,,nominal,,True,ok,checkpoints/hospital_front_rgb_finetune/best.pt,4.36,0.3803,-0.1256,0.0951,-0.003,0.4912,,,gnm_closed_loop,0.2,-0.1256,True,4,/World/Hospital/SM_ReceptionDesk_01a_46/SM_ReceptionDesk_01a,hospital_h2_collection,,collector=hospital_front_rgb_finetune;difficulty=test_occluded,,,,,,,False,h2_test_occluded_M,7.1028,True,0.3803,-0.1256,0.2,-0.1256,True,armed,False,
h2_ft_M_r2_20260709_230513,3,9.766667,1783635398.465087,3.495726,2.496355,8.4e-05,-2.350135,0.2,-0.1256,0.06828,0.629612,camera_link,9.766667,gnm_closed_loop,,nominal,,True,ok,checkpoints/hospital_front_rgb_finetune/best.pt,3.91,0.3803,-0.1256,0.0951,-0.003,0.4912,,,gnm_closed_loop,0.2,-0.1256,True,6,/World/Hospital/SM_ReceptionDesk_01a_46/SM_ReceptionDesk_01a,hospital_h2_collection,,collector=hospital_front_rgb_finetune;difficulty=test_occluded,,,,,,,False,h2_test_occluded_M,7.1007,True,0.3803,-0.1256,0.2,-0.1256,True,armed,False,
h2_ft_M_r2_20260709_230513,4,9.783334,1783635398.467572,3.494411,2.496336,4.5e-05,-2.34381,0.2,-0.1256,0.06828,0.629612,camera_link,9.783334,gnm_closed_loop,,nominal,,True,ok,checkpoints/hospital_front_rgb_finetune/best.pt,3.91,0.3803,-0.1256,0.0951,-0.003,0.4912,,,gnm_closed_loop,0.2,-0.1256,True,8,/World/Hospital/SM_ReceptionDesk_01a_46/SM_ReceptionDesk_01a,hospital_h2_collection,,collector=hospital_front_rgb_finetune;difficulty=test_occluded,,,,,,,False,h2_test_occluded_M,7.0997,True,0.3803,-0.1256,0.2,-0.1256,True,armed,False,
h2_ft_M_r2_20260709_230513,5,9.800001,1783635398.469495,3.493182,2.496316,3.1e-05,-2.33894,0.2,-0.1256,0.06828,0.629612,camera_link,9.800001,gnm_closed_loop,,nominal,,True,ok,checkpoints/hospital_front_rgb_finetune/best.pt,3.91,0.3803,-0.1256,0.0951,-0.003,0.4912,,,gnm_closed_loop,0.2,-0.1256,True,10,/World/Hospital/SM_ReceptionDesk_01a_46/SM_ReceptionDesk_01a,hospital_h2_collection,,collector=hospital_front_rgb_finetune;difficulty=test_occluded,,,,,,,False,h2_test_occluded_M,7.0987,True,0.3803,-0.1256,0.2,-0.1256,True,armed,False,
h2_ft_M_r2_20260709_230513,6,9.816667,1783635404.583609,3.491912,2.496297,8e-06,-2.334252,0.2,-0.1256,0.062962,0.221454,camera_link,9.816667,gnm_closed_loop,,nominal,,True,ok,checkpoints/hospital_front_rgb_finetune/best.pt,4.11,0.3803,-0.1256,0.0951,-0.003,0.4912,,,gnm_closed_loop,0.2,-0.1256,True,12,/World/Hospital/SM_ReceptionDesk_01a_46/SM_ReceptionDesk_01a,hospital_h2_collection,,collector=hospital_front_rgb_finetune;difficulty=test_occluded,,,,,,,False,h2_test_occluded_M,7.0977,True,0.3803,-0.1256,0.2,-0.1256,True,armed,False,
h2_ft_M_r2_20260709_230513,7,9.833334,1783635404.585994,3.490601,2.496266,5e-06,-2.329558,0.2,-0.1256,0.062962,0.221454,camera_link,9.833334,gnm_closed_loop,,nominal,,True,ok,checkpoints/hospital_front_rgb_finetune/best.pt,4.11,0.3803,-0.1256,0.0951,-0.003,0.4912,,,gnm_closed_loop,0.2,-0.1256,True,14,/World/Hospital/SM_ReceptionDesk_01a_46/SM_ReceptionDesk_01a,hospital_h2_collection,,collector=hospital_front_rgb_finetune;difficulty=test_occluded,,,,,,,False,h2_test_occluded_M,7.0967,True,0.3803,-0.1256,0.2,-0.1256,True,armed,False,
h2_ft_M_r2_20260709_230513,8,9.850001,1783635404.588543,3.489266,2.496222,9e-06,-2.324684,0.2,-0.1256,0.062962,0.221454,camera_link,9.850001,gnm_closed_loop,,nominal,,True,ok,checkpoints/hospital_front_rgb_finetune/best.pt,4.11,0.3803,-0.1256,0.0951,-0.003,0.4912,,,gnm_closed_loop,0.2,-0.1256,True,16,/World/Hospital/SM_ReceptionDesk_01a_46/SM_ReceptionDesk_01a,hospital_h2_collection,,collector=hospital_front_rgb_finetune;difficulty=test_occluded,,,,,,,False,h2_test_occluded_M,7.0956,True,0.3803,-0.1256,0.2,-0.1256,True,armed,False,
h2_ft_M_r2_20260709_230513,9,9.866667,1783635423.02002,3.48792,2.496182,7e-06,-2.319825,0.2,-0.1256,0.065798,0.236284,camera_link,9.866667,gnm_closed_loop,,nominal,,True,ok,checkpoints/hospital_front_rgb_finetune/best.pt,5.68,0.3803,-0.1256,0.0951,-0.003,0.4912,,,gnm_closed_loop,0.2,-0.1256,True,18,/World/Hospital/SM_ReceptionDesk_01a_46/SM_ReceptionDesk_01a,hospital_h2_collection,,collector=hospital_front_rgb_finetune;difficulty=test_occluded,,,,,,,False,h2_test_occluded_M,7.0946,True,0.3803,-0.1256,0.2,-0.1256,True,armed,False,
h2_ft_M_r2_20260709_230513,10,9.883334,1783635423.022904,3.486577,2.496133,1.1e-05,-2.314933,0.2,-0.1256,0.065798,0.236284,camera_link,9.883334,gnm_closed_loop,,nominal,,True,ok,checkpoints/hospital_front_rgb_finetune/best.pt,5.68,0.3803,-0.1256,0.0951,-0.003,0.4912,,,gnm_closed_loop,0.2,-0.1256,True,20,/World/Hospital/SM_ReceptionDesk_01a_46/SM_ReceptionDesk_01a,hospital_h2_collection,,collector=hospital_front_rgb_finetune;difficulty=test_occluded,,,,,,,False,h2_test_occluded_M,7.0935,True,0.3803,-0.1256,0.2,-0.1256,True,armed,False,
h2_ft_M_r2_20260709_230513,11,9.900001,1783635423.025582,3.485233,2.496083,1.3e-05,-2.309914,0.2,-0.1256,0.065798,0.236284,camera_link,9.900001,gnm_closed_loop,,nominal,,True,ok,checkpoints/hospital_front_rgb_finetune/best.pt,5.68,0.3803,-0.1256,0.0951,-0.003,0.4912,,,gnm_closed_loop,0.2,-0.1256,True,22,/World/Hospital/SM_ReceptionDesk_01a_46/SM_ReceptionDesk_01a,hospital_h2_collection,,collector=hospital_front_rgb_finetune;difficulty=test_occluded,,,,,,,False,h2_test_occluded_M,7.0924,True,0.3803,-0.1256,0.2,-0.1256,True,armed,False,
h2_ft_M_r2_20260709_230513,12,9.916667,1783635426.086557,3.483887,2.496037,6e-06,-2.30503,0.2,-0.1256,0.063782,0.227218,camera_link,9.916667,gnm_closed_loop,,nominal,,True,ok,checkpoints/hospital_front_rgb_finetune/best.pt,4.31,0.3803,-0.1256,0.0951,-0.003,0.4912,,,gnm_closed_loop,0.2,-0.1256,True,24,/World/Hospital/SM_ReceptionDesk_01a_46/SM_ReceptionDesk_01a,hospital_h2_collection,,collector=hospital_front_rgb_finetune;difficulty=test_occluded,,,,,,,False,h2_test_occluded_M,7.0914,True,0.3803,-0.1256,0.2,-0.1256,True,armed,False,
h2_ft_M_r2_20260709_230513,13,9.933334,1783635426.088942,3.482547,2.495979,1e-05,-2.300056,0.2,-0.1256,0.063782,0.227218,camera_link,9.933334,gnm_closed_loop,,nominal,,True,ok,checkpoints/hospital_front_rgb_finetune/best.pt,4.31,0.3803,-0.1256,0.0951,-0.003,0.4912,,,gnm_closed_loop,0.2,-0.1256,True,26,/World/Hospital/SM_ReceptionDesk_01a_46/SM_ReceptionDesk_01a,hospital_h2_collection,,collector=hospital_front_rgb_finetune;difficulty=test_occluded,,,,,,,False,h2_test_occluded_M,7.0903,True,0.3803,-0.1256,0.2,-0.1256,True,armed,False,
h2_ft_M_r2_20260709_230513,14,9.950001,1783635426.090928,3.481205,2.495922,9e-06,-2.295097,0.2,-0.1256,0.063782,0.227218,camera_link,9.950001,gnm_closed_loop,,nominal,,True,ok,checkpoints/hospital_front_rgb_finetune/best.pt,4.31,0.3803,-0.1256,0.0951,-0.003,0.4912,,,gnm_closed_loop,0.2,-0.1256,True,28,/World/Hospital/SM_ReceptionDesk_01a_46/SM_ReceptionDesk_01a,hospital_h2_collection,,collector=hospital_front_rgb_finetune;difficulty=test_occluded,,,,,,,False,h2_test_occluded_M,7.0892,True,0.3803,-0.1256,0.2,-0.1256,True,armed,False,
h2_ft_M_r2_20260709_230513,15,9.966667,1783635429.168514,3.479871,2.495861,1.2e-05,-2.290192,0.2,-0.1256,0.064957,0.281342,camera_link,9.966667,gnm_closed_loop,,nominal,,True,ok,checkpoints/hospital_front_rgb_finetune/best.pt,10.57,0.3803,-0.1256,0.0951,-0.003,0.4912,,,gnm_closed_loop,0.2,-0.1256,True,30,/World/Hospital/SM_ReceptionDesk_01a_46/SM_ReceptionDesk_01a,hospital_h2_collection,,collector=hospital_front_rgb_finetune;difficulty=test_occluded,,,,,,,False,h2_test_occluded_M,7.0881,True,0.3803,-0.1256,0.2,-0.1256,True,armed,False,
h2_ft_M_r2_20260709_230513,16,9.983334,1783635429.170887,3.478554,2.495776,4.1e-05,-2.284983,0.2,-0.1256,0.064957,0.281342,camera_link,9.983334,gnm_closed_loop,,nominal,,True,ok,checkpoints/hospital_front_rgb_finetune/best.pt,10.57,0.3803,-0.1256,0.0951,-0.003,0.4912,,,gnm_closed_loop,0.2,-0.1256,True,32,/World/Hospital/SM_ReceptionDesk_01a_46/SM_ReceptionDesk_01a,hospital_h2_collection,,collector=hospital_front_rgb_finetune;difficulty=test_occluded,,,,,,,False,h2_test_occluded_M,7.0871,True,0.3803,-0.1256,0.2,-0.1256,True,armed,False,
h2_ft_M_r2_20260709_230513,17,10.000001,1783635429.1732,3.477232,2.495731,9e-06,-2.280068,0.2,-0.1256,0.064957,0.281342,camera_link,10.000001,gnm_closed_loop,,nominal,,True,ok,checkpoints/hospital_front_rgb_finetune/best.pt,10.57,0.3803,-0.1256,0.0951,-0.003,0.4912,,,gnm_closed_loop,0.2,-0.1256,True,34,/World/Hospital/SM_ReceptionDesk_01a_46/SM_ReceptionDesk_01a,hospital_h2_collection,,collector=hospital_front_rgb_finetune;difficulty=test_occluded,,,,,,,False,h2_test_occluded_M,7.086,True,0.3803,-0.1256,0.2,-0.1256,True,armed,False,
h2_ft_M_r2_20260709_230513,18,10.016667,1783635444.519114,3.475912,2.495663,8e-06,-2.275129,0.2,-0.1256,0.062174,0.215058,camera_link,10.016667,gnm_closed_loop,,nominal,,True,ok,checkpoints/hospital_front_rgb_finetune/best.pt,4.2,0.3803,-0.1256,0.0951,-0.003,0.4912,,,gnm_closed_loop,0.2,-0.1256,True,36,/World/Hospital/SM_ReceptionDesk_01a_46/SM_ReceptionDesk_01a,hospital_h2_collection,,collector=hospital_front_rgb_finetune;difficulty=test_occluded,,,,,,,False,h2_test_occluded_M,7.085,True,0.3803,-0.1256,0.2,-0.1256,True,armed,False,
h2_ft_M_r2_20260709_230513,19,10.033334,1783635444.521588,3.474594,2.495594,5e-06,-2.27022,0.2,-0.1256,0.062174,0.215058,camera_link,10.033334,gnm_closed_loop,,nominal,,True,ok,checkpoints/hospital_front_rgb_finetune/best.pt,4.2,0.3803,-0.1256,0.0951,-0.003,0.4912,,,gnm_closed_loop,0.2,-0.1256,True,38,/World/Hospital/SM_ReceptionDesk_01a_46/SM_ReceptionDesk_01a,hospital_h2_collection,,collector=hospital_front_rgb_finetune;difficulty=test_occluded,,,,,,,False,h2_test_occluded_M,7.0839,True,0.3803,-0.1256,0.2,-0.1256,True,armed,False,
h2_ft_M_r2_20260709_230513,20,10.050001,1783635444.523584,3.473283,2.49552,8e-06,-2.265316,0.2,-0.1256,0.062174,0.215058,camera_link,10.050001,gnm_closed_loop,,nominal,,True,ok,checkpoints/hospital_front_rgb_finetune/best.pt,4.2,0.3803,-0.1256,0.0951,-0.003,0.4912,,,gnm_closed_loop,0.2,-0.1256,True,40,/World/Hospital/SM_ReceptionDesk_01a_46/SM_ReceptionDesk_01a,hospital_h2_collection,,collector=hospital_front_rgb_finetune;difficulty=test_occluded,,,,,,,False,h2_test_occluded_M,7.0828,True,0.3803,-0.1256,0.2,-0.1256,True,armed,False,
h2_ft_M_r2_20260709_230513,21,10.066667,1783635453.733415,3.471983,2.495436,1.7e-05,-2.260404,0.2,-0.1256,0.061262,0.251692,camera_link,10.066667,gnm_closed_loop,,nominal,,True,ok,checkpoints/hospital_front_rgb_finetune/best.pt,4.57,0.3803,-0.1256,0.0951,-0.003,0.4912,,,gnm_closed_loop,0.2,-0.1256,True,42,/World/Hospital/SM_ReceptionDesk_01a_46/SM_ReceptionDesk_01a,hospital_h2_collection,,collector=hospital_front_rgb_finetune;difficulty=test_occluded,,,,,,,False,h2_test_occluded_M,7.0818,True,0.3803,-0.1256,0.2,-0.1256,True,armed,False,
h2_ft_M_r2_20260709_230513,22,10.083334,1783635453.73617,3.47068,2.495356,1.6e-05,-2.255359,0.2,-0.1256,0.061262,0.251692,camera_link,10.083334,gnm_closed_loop,,nominal,,True,ok,checkpoints/hospital_front_rgb_finetune/best.pt,4.57,0.3803,-0.1256,0.0951,-0.003,0.4912,,,gnm_closed_loop,0.2,-0.1256,True,44,/World/Hospital/SM_ReceptionDesk_01a_46/SM_ReceptionDesk_01a,hospital_h2_collection,,collector=hospital_front_rgb_finetune;difficulty=test_occluded,,,,,,,False,h2_test_occluded_M,7.0807,True,0.3803,-0.1256,0.2,-0.1256,True,armed,False,
h2_ft_M_r2_20260709_230513,23,10.100001,1783635453.738232,3.469388,2.495283,5e-06,-2.250501,0.2,-0.1256,0.061262,0.251692,camera_link,10.100001,gnm_closed_loop,,nominal,,True,ok,checkpoints/hospital_front_rgb_finetune/best.pt,4.57,0.3803,-0.1256,0.0951,-0.003,0.4912,,,gnm_closed_loop,0.2,-0.1256,True,46,/World/Hospital/SM_ReceptionDesk_01a_46/SM_ReceptionDesk_01a,hospital_h2_collection,,collector=hospital_front_rgb_finetune;difficulty=test_occluded,,,,,,,False,h2_test_occluded_M,7.0797,True,0.3803,-0.1256,0.2,-0.1256,True,armed,False,
h2_ft_M_r2_20260709_230513,24,10.116667,1783635459.877895,3.468105,2.495197,7e-06,-2.245646,0.2,-0.1256,0.060184,0.263789,camera_link,10.116667,gnm_closed_loop,,nominal,,True,ok,checkpoints/hospital_front_rgb_finetune/best.pt,4.27,0.3803,-0.1256,0.0951,-0.003,0.4912,,,gnm_closed_loop,0.2,-0.1256,True,48,/World/Hospital/SM_ReceptionDesk_01a_46/SM_ReceptionDesk_01a,hospital_h2_collection,,collector=hospital_front_rgb_finetune;difficulty=test_occluded,,,,,,,False,h2_test_occluded_M,7.0786,True,0.3803,-0.1256,0.2,-0.1256,True,armed,False,
h2_ft_M_r2_20260709_230513,25,10.133334,1783635459.8803,3.466834,2.495106,1.1e-05,-2.240704,0.2,-0.1256,0.060184,0.263789,camera_link,10.133334,gnm_closed_loop,,nominal,,True,ok,checkpoints/hospital_front_rgb_finetune/best.pt,4.27,0.3803,-0.1256,0.0951,-0.003,0.4912,,,gnm_closed_loop,0.2,-0.1256,True,50,/World/Hospital/SM_ReceptionDesk_01a_46/SM_ReceptionDesk_01a,hospital_h2_collection,,collector=hospital_front_rgb_finetune;difficulty=test_occluded,,,,,,,False,h2_test_occluded_M,7.0776,True,0.3803,-0.1256,0.2,-0.1256,True,armed,False,
h2_ft_M_r2_20260709_230513,26,10.150001,1783635459.882329,3.465573,2.495021,8e-06,-2.235881,0.2,-0.1256,0.060184,0.263789,camera_link,10.150001,gnm_closed_loop,,nominal,,True,ok,checkpoints/hospital_front_rgb_finetune/best.pt,4.27,0.3803,-0.1256,0.0951,-0.003,0.4912,,,gnm_closed_loop,0.2,-0.1256,True,52,/World/Hospital/SM_ReceptionDesk_01a_46/SM_ReceptionDesk_01a,hospital_h2_collection,,collector=hospital_front_rgb_finetune;difficulty=test_occluded,,,,,,,False,h2_test_occluded_M,7.0766,True,0.3803,-0.1256,0.2,-0.1256,True,armed,False,
h2_ft_M_r2_20260709_230513,27,10.166667,1783635472.165324,3.464314,2.49493,8e-06,-2.231071,0.2,-0.1256,0.059159,0.263445,camera_link,10.166667,gnm_closed_loop,,nominal,,True,ok,checkpoints/hospital_front_rgb_finetune/best.pt,4.42,0.3803,-0.1256,0.0951,-0.003,0.4912,,,gnm_closed_loop,0.2,-0.1256,True,54,/World/Hospital/SM_ReceptionDesk_01a_46/SM_ReceptionDesk_01a,hospital_h2_collection,,collector=hospital_front_rgb_finetune;difficulty=test_occluded,,,,,,,False,h2_test_occluded_M,7.0755,True,0.3803,-0.1256,0.2,-0.1256,True,armed,False,
h2_ft_M_r2_20260709_230513,28,10.183334,1783635472.167911,3.463066,2.494828,1.5e-05,-2.226129,0.2,-0.1256,0.059159,0.263445,camera_link,10.183334,gnm_closed_loop,,nominal,,True,ok,checkpoints/hospital_front_rgb_finetune/best.pt,4.42,0.3803,-0.1256,0.0951,-0.003,0.4912,,,gnm_closed_loop,0.2,-0.1256,True,56,/World/Hospital/SM_ReceptionDesk_01a_46/SM_ReceptionDesk_01a,hospital_h2_collection,,collector=hospital_front_rgb_finetune;difficulty=test_occluded,,,,,,,False,h2_test_occluded_M,7.0745,True,0.3803,-0.1256,0.2,-0.1256,True,armed,False,
h2_ft_M_r2_20260709_230513,29,10.200001,1783635472.170731,3.461817,2.494735,8e-06,-2.221243,0.2,-0.1256,0.059159,0.263445,camera_link,10.200001,gnm_closed_loop,,nominal,,True,ok,checkpoints/hospital_front_rgb_finetune/best.pt,4.42,0.3803,-0.1256,0.0951,-0.003,0.4912,,,gnm_closed_loop,0.2,-0.1256,True,58,/World/Hospital/SM_ReceptionDesk_01a_46/SM_ReceptionDesk_01a,hospital_h2_collection,,collector=hospital_front_rgb_finetune;difficulty=test_occluded,,,,,,,False,h2_test_occluded_M,7.0735,True,0.3803,-0.1256,0.2,-0.1256,True,armed,False,
h2_ft_M_r2_20260709_230513,30,10.216667,1783635475.239167,3.460565,2.494639,6e-06,-2.216426,0.2,-0.1256,0.056808,0.219067,camera_link,10.216667,gnm_closed_loop,,nominal,,True,ok,checkpoints/hospital_front_rgb_finetune/best.pt,4.33,0.3803,-0.1256,0.0951,-0.003,0.4912,,,gnm_closed_loop,0.2,-0.1256,True,60,/World/Hospital/SM_ReceptionDesk_01a_46/SM_ReceptionDesk_01a,hospital_h2_collection,,collector=hospital_front_rgb_finetune;difficulty=test_occluded,,,,,,,False,h2_test_occluded_M,7.0724,True,0.3803,-0.1256,0.2,-0.1256,True,armed,False,
h2_ft_M_r2_20260709_230513,31,10.233334,1783635475.241621,3.459321,2.494541,3e-06,-2.211653,0.2,-0.1256,0.056808,0.219067,camera_link,10.233334,gnm_closed_loop,,nominal,,True,ok,checkpoints/hospital_front_rgb_finetune/best.pt,4.33,0.3803,-0.1256,0.0951,-0.003,0.4912,,,gnm_closed_loop,0.2,-0.1256,True,62,/World/Hospital/SM_ReceptionDesk_01a_46/SM_ReceptionDesk_01a,hospital_h2_collection,,collector=hospital_front_rgb_finetune;difficulty=test_occluded,,,,,,,False,h2_test_occluded_M,7.0714,True,0.3803,-0.1256,0.2,-0.1256,True,armed,False,
h2_ft_M_r2_20260709_230513,32,10.250001,1783635475.244141,3.458087,2.494431,8e-06,-2.206797,0.2,-0.1256,0.056808,0.219067,camera_link,10.250001,gnm_closed_loop,,nominal,,True,ok,checkpoints/hospital_front_rgb_finetune/best.pt,4.33,0.3803,-0.1256,0.0951,-0.003,0.4912,,,gnm_closed_loop,0.2,-0.1256,True,64,/World/Hospital/SM_ReceptionDesk_01a_46/SM_ReceptionDesk_01a,hospital_h2_collection,,collector=hospital_front_rgb_finetune;difficulty=test_occluded,,,,,,,False,h2_test_occluded_M,7.0704,True,0.3803,-0.1256,0.2,-0.1256,True,armed,False,
h2_ft_M_r2_20260709_230513,33,10.266667,1783635490.599438,3.456859,2.494327,6e-06,-2.20202,0.2,-0.1256,0.055795,0.22685,camera_link,10.266667,gnm_closed_loop,,nominal,,True,ok,checkpoints/hospital_front_rgb_finetune/best.pt,4.6,0.3803,-0.1256,0.0951,-0.003,0.4912,,,gnm_closed_loop,0.2,-0.1256,True,66,/World/Hospital/SM_ReceptionDesk_01a_46/SM_ReceptionDesk_01a,hospital_h2_collection,,collector=hospital_front_rgb_finetune;difficulty=test_occluded,,,,,,,False,h2_test_occluded_M,7.0694,True,0.3803,-0.1256,0.2,-0.1256,True,armed,False,
h2_ft_M_r2_20260709_230513,34,10.283334,1783635490.601827,3.455638,2.494217,7e-06,-2.19726,0.2,-0.1256,0.055795,0.22685,camera_link,10.283334,gnm_closed_loop,,nominal,,True,ok,checkpoints/hospital_front_rgb_finetune/best.pt,4.6,0.3803,-0.1256,0.0951,-0.003,0.4912,,,gnm_closed_loop,0.2,-0.1256,True,68,/World/Hospital/SM_ReceptionDesk_01a_46/SM_ReceptionDesk_01a,hospital_h2_collection,,collector=hospital_front_rgb_finetune;difficulty=test_occluded,,,,,,,False,h2_test_occluded_M,7.0684,True,0.3803,-0.1256,0.2,-0.1256,True,armed,False,
h2_ft_M_r2_20260709_230513,35,10.300001,1783635490.605002,3.454425,2.494104,9e-06,-2.192463,0.2,-0.1256,0.055795,0.22685,camera_link,10.300001,gnm_closed_loop,,nominal,,True,ok,checkpoints/hospital_front_rgb_finetune/best.pt,4.6,0.3803,-0.1256,0.0951,-0.003,0.4912,,,gnm_closed_loop,0.2,-0.1256,True,70,/World/Hospital/SM_ReceptionDesk_01a_46/SM_ReceptionDesk_01a,hospital_h2_collection,,collector=hospital_front_rgb_finetune;difficulty=test_occluded,,,,,,,False,h2_test_occluded_M,7.0674,True,0.3803,-0.1256,0.2,-0.1256,True,armed,False,
h2_ft_M_r2_20260709_230513,36,10.316667,1783635505.956939,3.453221,2.493992,8e-06,-2.187734,0.2,-0.1256,0.055061,0.261749,camera_link,10.316667,gnm_closed_loop,,nominal,,True,ok,checkpoints/hospital_front_rgb_finetune/best.pt,4.52,0.3803,-0.1256,0.0951,-0.003,0.4912,,,gnm_closed_loop,0.2,-0.1256,True,72,/World/Hospital/SM_ReceptionDesk_01a_46/SM_ReceptionDesk_01a,hospital_h2_collection,,collector=hospital_front_rgb_finetune;difficulty=test_occluded,,,,,,,False,h2_test_occluded_M,7.0664,True,0.3803,-0.1256,0.2,-0.1256,True,armed,False,
h2_ft_M_r2_20260709_230513,37,10.333334,1783635505.959373,3.452024,2.493876,8e-06,-2.182957,0.2,-0.1256,0.055061,0.261749,camera_link,10.333334,gnm_closed_loop,,nominal,,True,ok,checkpoints/hospital_front_rgb_finetune/best.pt,4.52,0.3803,-0.1256,0.0951,-0.003,0.4912,,,gnm_closed_loop,0.2,-0.1256,True,74,/World/Hospital/SM_ReceptionDesk_01a_46/SM_ReceptionDesk_01a,hospital_h2_collection,,collector=hospital_front_rgb_finetune;difficulty=test_occluded,,,,,,,False,h2_test_occluded_M,7.0654,True,0.3803,-0.1256,0.2,-0.1256,True,armed,False,
h2_ft_M_r2_20260709_230513,38,10.350001,1783635505.961581,3.450835,2.493761,5e-06,-2.178201,0.2,-0.1256,0.055061,0.261749,camera_link,10.350001,gnm_closed_loop,,nominal,,True,ok,checkpoints/hospital_front_rgb_finetune/best.pt,4.52,0.3803,-0.1256,0.0951,-0.003,0.4912,,,gnm_closed_loop,0.2,-0.1256,True,76,/World/Hospital/SM_ReceptionDesk_01a_46/SM_ReceptionDesk_01a,hospital_h2_collection,,collector=hospital_front_rgb_finetune;difficulty=test_occluded,,,,,,,False,h2_test_occluded_M,7.0644,True,0.3803,-0.1256,0.2,-0.1256,True,armed,False,
h2_ft_M_r2_20260709_230513,39,10.366667,1783635509.031861,3.449643,2.493644,2e-06,-2.173567,0.2,-0.1256,0.053964,0.222906,camera_link,10.366667,gnm_closed_loop,,nominal,,True,ok,checkpoints/hospital_front_rgb_finetune/best.pt,4.68,0.3803,-0.1256,0.0951,-0.003,0.4912,,,gnm_closed_loop,0.2,-0.1256,True,78,/World/Hospital/SM_ReceptionDesk_01a_46/SM_ReceptionDesk_01a,hospital_h2_collection,,collector=hospital_front_rgb_finetune;difficulty=test_occluded,,,,,,,False,h2_test_occluded_M,7.0634,True,0.3803,-0.1256,0.2,-0.1256,True,armed,False,
h2_ft_M_r2_20260709_230513,40,10.383334,1783635509.034351,3.448439,2.49352,4e-06,-2.168834,0.2,-0.1256,0.053964,0.222906,camera_link,10.383334,gnm_closed_loop,,nominal,,True,ok,checkpoints/hospital_front_rgb_finetune/best.pt,4.68,0.3803,-0.1256,0.0951,-0.003,0.4912,,,gnm_closed_loop,0.2,-0.1256,True,80,/World/Hospital/SM_ReceptionDesk_01a_46/SM_ReceptionDesk_01a,hospital_h2_collection,,collector=hospital_front_rgb_finetune;difficulty=test_occluded,,,,,,,False,h2_test_occluded_M,7.0624,True,0.3803,-0.1256,0.2,-0.1256,True,armed,False,
h2_ft_M_r2_20260709_230513,41,10.400001,1783635509.036331,3.447253,2.493394,5e-06,-2.164067,0.2,-0.1256,0.053964,0.222906,camera_link,10.400001,gnm_closed_loop,,nominal,,True,ok,checkpoints/hospital_front_rgb_finetune/best.pt,4.68,0.3803,-0.1256,0.0951,-0.003,0.4912,,,gnm_closed_loop,0.2,-0.1256,True,82,/World/Hospital/SM_ReceptionDesk_01a_46/SM_ReceptionDesk_01a,hospital_h2_collection,,collector=hospital_front_rgb_finetune;difficulty=test_occluded,,,,,,,False,h2_test_occluded_M,7.0614,True,0.3803,-0.1256,0.2,-0.1256,True,armed,False,
h2_ft_M_r2_20260709_230513,42,10.416667,1783635515.172166,3.446076,2.493267,3e-06,-2.15935,0.2,-0.1256,0.052607,0.240681,camera_link,10.416667,gnm_closed_loop,,nominal,,True,ok,checkpoints/hospital_front_rgb_finetune/best.pt,4.37,0.3803,-0.1256,0.0951,-0.003,0.4912,,,gnm_closed_loop,0.2,-0.1256,True,84,/World/Hospital/SM_ReceptionDesk_01a_46/SM_ReceptionDesk_01a,hospital_h2_collection,,collector=hospital_front_rgb_finetune;difficulty=test_occluded,,,,,,,False,h2_test_occluded_M,7.0604,True,0.3803,-0.1256,0.2,-0.1256,True,armed,False,
h2_ft_M_r2_20260709_230513,43,10.433334,1783635515.174564,3.444906,2.493139,2e-06,-2.154647,0.2,-0.1256,0.052607,0.240681,camera_link,10.433334,gnm_closed_loop,,nominal,,True,ok,checkpoints/hospital_front_rgb_finetune/best.pt,4.37,0.3803,-0.1256,0.0951,-0.003,0.4912,,,gnm_closed_loop,0.2,-0.1256,True,86,/World/Hospital/SM_ReceptionDesk_01a_46/SM_ReceptionDesk_01a,hospital_h2_collection,,collector=hospital_front_rgb_finetune;difficulty=test_occluded,,,,,,,False,h2_test_occluded_M,7.0594,True,0.3803,-0.1256,0.2,-0.1256,True,armed,False,
h2_ft_M_r2_20260709_230513,44,10.450001,1783635515.176563,3.443738,2.493004,3e-06,-2.149917,0.2,-0.1256,0.052607,0.240681,camera_link,10.450001,gnm_closed_loop,,nominal,,True,ok,checkpoints/hospital_front_rgb_finetune/best.pt,4.37,0.3803,-0.1256,0.0951,-0.003,0.4912,,,gnm_closed_loop,0.2,-0.1256,True,88,/World/Hospital/SM_ReceptionDesk_01a_46/SM_ReceptionDesk_01a,hospital_h2_collection,,collector=hospital_front_rgb_finetune;difficulty=test_occluded,,,,,,,False,h2_test_occluded_M,7.0584,True,0.3803,-0.1256,0.2,-0.1256,True,armed,False,
h2_ft_M_r2_20260709_230513,45,10.466667,1783635524.388774,3.442582,2.492871,3e-06,-2.145241,0.2,-0.1256,0.051251,0.242366,camera_link,10.466667,gnm_closed_loop,,nominal,,True,ok,checkpoints/hospital_front_rgb_finetune/best.pt,4.47,0.3803,-0.1256,0.0951,-0.003,0.4912,,,gnm_closed_loop,0.2,-0.1256,True,90,/World/Hospital/SM_ReceptionDesk_01a_46/SM_ReceptionDesk_01a,hospital_h2_collection,,collector=hospital_front_rgb_finetune;difficulty=test_occluded,,,,,,,False,h2_test_occluded_M,7.0574,True,0.3803,-0.1256,0.2,-0.1256,True,armed,False,
h2_ft_M_r2_20260709_230513,46,10.483334,1783635524.391268,3.441428,2.492733,5e-06,-2.140529,0.2,-0.1256,0.051251,0.242366,camera_link,10.483334,gnm_closed_loop,,nominal,,True,ok,checkpoints/hospital_front_rgb_finetune/best.pt,4.47,0.3803,-0.1256,0.0951,-0.003,0.4912,,,gnm_closed_loop,0.2,-0.1256,True,92,/World/Hospital/SM_ReceptionDesk_01a_46/SM_ReceptionDesk_01a,hospital_h2_collection,,collector=hospital_front_rgb_finetune;difficulty=test_occluded,,,,,,,False,h2_test_occluded_M,7.0565,True,0.3803,-0.1256,0.2,-0.1256,True,armed,False,
h2_ft_M_r2_20260709_230513,47,10.500001,1783635524.394343,3.440281,2.492593,5e-06,-2.135812,0.2,-0.1256,0.051251,0.242366,camera_link,10.500001,gnm_closed_loop,,nominal,,True,ok,checkpoints/hospital_front_rgb_finetune/best.pt,4.47,0.3803,-0.1256,0.0951,-0.003,0.4912,,,gnm_closed_loop,0.2,-0.1256,True,94,/World/Hospital/SM_ReceptionDesk_01a_46/SM_ReceptionDesk_01a,hospital_h2_collection,,collector=hospital_front_rgb_finetune;difficulty=test_occluded,,,,,,,False,h2_test_occluded_M,7.0555,True,0.3803,-0.1256,0.2,-0.1256,True,armed,False,
h2_ft_M_r2_20260709_230513,48,10.516667,1783635527.468904,3.439138,2.492453,3e-06,-2.13112,0.2,-0.1256,0.05051,0.245893,camera_link,10.516667,gnm_closed_loop,,nominal,,True,ok,checkpoints/hospital_front_rgb_finetune/best.pt,4.15,0.3803,-0.1256,0.0951,-0.003,0.4912,,,gnm_closed_loop,0.2,-0.1256,True,96,/World/Hospital/SM_ReceptionDesk_01a_46/SM_ReceptionDesk_01a,hospital_h2_collection,,collector=hospital_front_rgb_finetune;difficulty=test_occluded,,,,,,,False,h2_test_occluded_M,7.0545,True,0.3803,-0.1256,0.2,-0.1256,True,armed,False,
h2_ft_M_r2_20260709_230513,49,10.533334,1783635527.472618,3.438003,2.492309,3e-06,-2.12643,0.2,-0.1256,0.05051,0.245893,camera_link,10.533334,gnm_closed_loop,,nominal,,True,ok,checkpoints/hospital_front_rgb_finetune/best.pt,4.15,0.3803,-0.1256,0.0951,-0.003,0.4912,,,gnm_closed_loop,0.2,-0.1256,True,98,/World/Hospital/SM_ReceptionDesk_01a_46/SM_ReceptionDesk_01a,hospital_h2_collection,,collector=hospital_front_rgb_finetune;difficulty=test_occluded,,,,,,,False,h2_test_occluded_M,7.0536,True,0.3803,-0.1256,0.2,-0.1256,True,armed,False,
h2_ft_M_r2_20260709_230513,50,10.550001,1783635527.475235,3.43687,2.492164,3e-06,-2.121769,0.2,-0.1256,0.05051,0.245893,camera_link,10.550001,gnm_closed_loop,,nominal,,True,ok,checkpoints/hospital_front_rgb_finetune/best.pt,4.15,0.3803,-0.1256,0.0951,-0.003,0.4912,,,gnm_closed_loop,0.2,-0.1256,True,100,/World/Hospital/SM_ReceptionDesk_01a_46/SM_ReceptionDesk_01a,hospital_h2_collection,,collector=hospital_front_rgb_finetune;difficulty=test_occluded,,,,,,,False,h2_test_occluded_M,7.0526,True,0.3803,-0.1256,0.2,-0.1256,True,armed,False,
h2_ft_M_r2_20260709_230513,51,10.566667,1783635533.605088,3.435752,2.492015,2e-06,-2.117124,0.2,-0.1256,0.048561,0.246407,camera_link,10.566667,gnm_closed_loop,,nominal,,True,ok,checkpoints/hospital_front_rgb_finetune/best.pt,4.31,0.3803,-0.1256,0.0951,-0.003,0.4912,,,gnm_closed_loop,0.2,-0.1256,True,102,/World/Hospital/SM_ReceptionDesk_01a_46/SM_ReceptionDesk_01a,hospital_h2_collection,,collector=hospital_front_rgb_finetune;difficulty=test_occluded,,,,,,,False,h2_test_occluded_M,7.0516,True,0.3803,-0.1256,0.2,-0.1256,True,armed,False,
h2_ft_M_r2_20260709_230513,52,10.583334,1783635533.607671,3.434642,2.491868,3e-06,-2.11251,0.2,-0.1256,0.048561,0.246407,camera_link,10.583334,gnm_closed_loop,,nominal,,True,ok,checkpoints/hospital_front_rgb_finetune/best.pt,4.31,0.3803,-0.1256,0.0951,-0.003,0.4912,,,gnm_closed_loop,0.2,-0.1256,True,104,/World/Hospital/SM_ReceptionDesk_01a_46/SM_ReceptionDesk_01a,hospital_h2_collection,,collector=hospital_front_rgb_finetune;difficulty=test_occluded,,,,,,,False,h2_test_occluded_M,7.0507,True,0.3803,-0.1256,0.2,-0.1256,True,armed,False,
h2_ft_M_r2_20260709_230513,53,10.600001,1783635533.60974,3.433536,2.491715,3e-06,-2.10789,0.2,-0.1256,0.048561,0.246407,camera_link,10.600001,gnm_closed_loop,,nominal,,True,ok,checkpoints/hospital_front_rgb_finetune/best.pt,4.31,0.3803,-0.1256,0.0951,-0.003,0.4912,,,gnm_closed_loop,0.2,-0.1256,True,106,/World/Hospital/SM_ReceptionDesk_01a_46/SM_ReceptionDesk_01a,hospital_h2_collection,,collector=hospital_front_rgb_finetune;difficulty=test_occluded,,,,,,,False,h2_test_occluded_M,7.0497,True,0.3803,-0.1256,0.2,-0.1256,True,armed,False,
h2_ft_M_r2_20260709_230513,54,10.616667,1783635545.894134,3.432441,2.491563,3e-06,-2.103314,0.2,-0.1256,0.047628,0.248754,camera_link,10.616667,gnm_closed_loop,,nominal,,True,ok,checkpoints/hospital_front_rgb_finetune/best.pt,4.59,0.3803,-0.1256,0.0951,-0.003,0.4912,,,gnm_closed_loop,0.2,-0.1256,True,108,/World/Hospital/SM_ReceptionDesk_01a_46/SM_ReceptionDesk_01a,hospital_h2_collection,,collector=hospital_front_rgb_finetune;difficulty=test_occluded,,,,,,,False,h2_test_occluded_M,7.0488,True,0.3803,-0.1256,0.2,-0.1256,True,armed,False,
h2_ft_M_r2_20260709_230513,55,10.633334,1783635545.896703,3.431352,2.49141,2e-06,-2.098732,0.2,-0.1256,0.047628,0.248754,camera_link,10.633334,gnm_closed_loop,,nominal,,True,ok,checkpoints/hospital_front_rgb_finetune/best.pt,4.59,0.3803,-0.1256,0.0951,-0.003,0.4912,,,gnm_closed_loop,0.2,-0.1256,True,110,/World/Hospital/SM_ReceptionDesk_01a_46/SM_ReceptionDesk_01a,hospital_h2_collection,,collector=hospital_front_rgb_finetune;difficulty=test_occluded,,,,,,,False,h2_test_occluded_M,7.0479,True,0.3803,-0.1256,0.2,-0.1256,True,armed,False,
h2_ft_M_r2_20260709_230513,56,10.650001,1783635545.898801,3.430269,2.491248,8e-06,-2.094132,0.2,-0.1256,0.047628,0.248754,camera_link,10.650001,gnm_closed_loop,,nominal,,True,ok,checkpoints/hospital_front_rgb_finetune/best.pt,4.59,0.3803,-0.1256,0.0951,-0.003,0.4912,,,gnm_closed_loop,0.2,-0.1256,True,112,/World/Hospital/SM_ReceptionDesk_01a_46/SM_ReceptionDesk_01a,hospital_h2_collection,,collector=hospital_front_rgb_finetune;difficulty=test_occluded,,,,,,,False,h2_test_occluded_M,7.0469,True,0.3803,-0.1256,0.2,-0.1256,True,armed,False,
h2_ft_M_r2_20260709_230513,57,10.666667,1783635558.181528,3.429185,2.491096,3e-06,-2.089621,0.2,-0.1256,0.047141,0.234553,camera_link,10.666667,gnm_closed_loop,,nominal,,True,ok,checkpoints/hospital_front_rgb_finetune/best.pt,4.12,0.3803,-0.1256,0.0951,-0.003,0.4912,,,gnm_closed_loop,0.2,-0.1256,True,114,/World/Hospital/SM_ReceptionDesk_01a_46/SM_ReceptionDesk_01a,hospital_h2_collection,,collector=hospital_front_rgb_finetune;difficulty=test_occluded,,,,,,,False,h2_test_occluded_M,7.046,True,0.3803,-0.1256,0.2,-0.1256,True,armed,False,
h2_ft_M_r2_20260709_230513,58,10.683334,1783635558.185147,3.428154,2.490969,2e-05,-2.085282,0.2,-0.1256,0.047141,0.234553,camera_link,10.683334,gnm_closed_loop,,nominal,,True,ok,checkpoints/hospital_front_rgb_finetune/best.pt,4.12,0.3803,-0.1256,0.0951,-0.003,0.4912,,,gnm_closed_loop,0.2,-0.1256,True,116,/World/Hospital/SM_ReceptionDesk_01a_46/SM_ReceptionDesk_01a,hospital_h2_collection,,collector=hospital_front_rgb_finetune;difficulty=test_occluded,,,,,,,False,h2_test_occluded_M,7.0451,True,0.3803,-0.1256,0.2,-0.1256,True,armed,False,
h2_ft_M_r2_20260709_230513,59,10.700001,1783635558.187199,3.42714,2.490874,4e-06,-2.081229,0.2,-0.1256,0.047141,0.234553,camera_link,10.700001,gnm_closed_loop,,nominal,,True,ok,checkpoints/hospital_front_rgb_finetune/best.pt,4.12,0.3803,-0.1256,0.0951,-0.003,0.4912,,,gnm_closed_loop,0.2,-0.1256,True,118,/World/Hospital/SM_ReceptionDesk_01a_46/SM_ReceptionDesk_01a,hospital_h2_collection,,collector=hospital_front_rgb_finetune;difficulty=test_occluded,,,,,,,False,h2_test_occluded_M,7.0443,True,0.3803,-0.1256,0.2,-0.1256,True,armed,False,
h2_ft_M_r2_20260709_230513,60,10.716667,1783635567.399152,3.426148,2.490791,2e-06,-2.07724,0.2,-0.1256,0.041675,0.184729,camera_link,10.716667,gnm_closed_loop,,nominal,,True,ok,checkpoints/hospital_front_rgb_finetune/best.pt,4.85,0.3803,-0.1256,0.0951,-0.003,0.4912,,,gnm_closed_loop,0.2,-0.1256,True,120,/World/Hospital/SM_ReceptionDesk_01a_46/SM_ReceptionDesk_01a,hospital_h2_collection,,collector=hospital_front_rgb_finetune;difficulty=test_occluded,,,,,,,False,h2_test_occluded_M,7.0435,True,0.3803,-0.1256,0.2,-0.1256,True,armed,False,
h2_ft_M_r2_20260709_230513,61,10.733334,1783635567.402859,3.425122,2.4907,2e-06,-2.073338,0.2,-0.1256,0.041675,0.184729,camera_link,10.733334,gnm_closed_loop,,nominal,,True,ok,checkpoints/hospital_front_rgb_finetune/best.pt,4.85,0.3803,-0.1256,0.0951,-0.003,0.4912,,,gnm_closed_loop,0.2,-0.1256,True,122,/World/Hospital/SM_ReceptionDesk_01a_46/SM_ReceptionDesk_01a,hospital_h2_collection,,collector=hospital_front_rgb_finetune;difficulty=test_occluded,,,,,,,False,h2_test_occluded_M,7.0426,True,0.3803,-0.1256,0.2,-0.1256,True,armed,False,
h2_ft_M_r2_20260709_230513,62,10.750001,1783635567.405769,3.424137,2.490638,3e-06,-2.069508,0.2,-0.1256,0.041675,0.184729,camera_link,10.750001,gnm_closed_loop,,nominal,,True,ok,checkpoints/hospital_front_rgb_finetune/best.pt,4.85,0.3803,-0.1256,0.0951,-0.003,0.4912,,,gnm_closed_loop,0.2,-0.1256,True,124,/World/Hospital/SM_ReceptionDesk_01a_46/SM_ReceptionDesk_01a,hospital_h2_collection,,collector=hospital_front_rgb_finetune;difficulty=test_occluded,,,,,,,False,h2_test_occluded_M,7.0418,True,0.3803,-0.1256,0.2,-0.1256,True,armed,False,
h2_ft_M_r2_20260709_230513,63,10.766667,1783635573.546657,3.423137,2.490488,2e-06,-2.065904,0.2,-0.1256,0.041617,0.207001,camera_link,10.766667,gnm_closed_loop,,nominal,,True,ok,checkpoints/hospital_front_rgb_finetune/best.pt,6.13,0.3803,-0.1256,0.0951,-0.003,0.4912,,,gnm_closed_loop,0.2,-0.1256,True,126,/World/Hospital/SM_ReceptionDesk_01a_46/SM_ReceptionDesk_01a,hospital_h2_collection,,collector=hospital_front_rgb_finetune;difficulty=test_occluded,,,,,,,False,h2_test_occluded_M,7.0409,True,0.3803,-0.1256,0.2,-0.1256,True,armed,False,
h2_ft_M_r2_20260709_230513,64,10.783334,1783635573.548999,3.422174,2.490391,1.9e-05,-2.061814,0.2,-0.1256,0.041617,0.207001,camera_link,10.783334,gnm_closed_loop,,nominal,,True,ok,checkpoints/hospital_front_rgb_finetune/best.pt,6.13,0.3803,-0.1256,0.0951,-0.003,0.4912,,,gnm_closed_loop,0.2,-0.1256,True,128,/World/Hospital/SM_ReceptionDesk_01a_46/SM_ReceptionDesk_01a,hospital_h2_collection,,collector=hospital_front_rgb_finetune;difficulty=test_occluded,,,,,,,False,h2_test_occluded_M,7.0401,True,0.3803,-0.1256,0.2,-0.1256,True,armed,False,
h2_ft_M_r2_20260709_230513,65,10.800001,1783635573.551051,3.421157,2.490246,3e-06,-2.058157,0.2,-0.1256,0.041617,0.207001,camera_link,10.800001,gnm_closed_loop,,nominal,,True,ok,checkpoints/hospital_front_rgb_finetune/best.pt,6.13,0.3803,-0.1256,0.0951,-0.003,0.4912,,,gnm_closed_loop,0.2,-0.1256,True,130,/World/Hospital/SM_ReceptionDesk_01a_46/SM_ReceptionDesk_01a,hospital_h2_collection,,collector=hospital_front_rgb_finetune;difficulty=test_occluded,,,,,,,False,h2_test_occluded_M,7.0393,True,0.3803,-0.1256,0.2,-0.1256,True,armed,False,
h2_ft_M_r2_20260709_230513,66,10.816667,1783635582.761608,3.420168,2.490194,2.6e-05,-2.053703,0.2,-0.1256,0.036846,0.222908,camera_link,10.816667,gnm_closed_loop,,nominal,,True,ok,checkpoints/hospital_front_rgb_finetune/best.pt,6.27,0.3803,-0.1256,0.0951,-0.003,0.4912,,,gnm_closed_loop,0.2,-0.1256,True,132,/World/Hospital/SM_ReceptionDesk_01a_46/SM_ReceptionDesk_01a,hospital_h2_collection,,collector=hospital_front_rgb_finetune;difficulty=test_occluded,,,,,,,False,h2_test_occluded_M,7.0385,True,0.3803,-0.1256,0.2,-0.1256,True,armed,False,
h2_ft_M_r2_20260709_230513,67,10.833334,1783635582.764245,3.419147,2.490062,3e-06,-2.049784,0.2,-0.1256,0.036846,0.222908,camera_link,10.833334,gnm_closed_loop,,nominal,,True,ok,checkpoints/hospital_front_rgb_finetune/best.pt,6.27,0.3803,-0.1256,0.0951,-0.003,0.4912,,,gnm_closed_loop,0.2,-0.1256,True,134,/World/Hospital/SM_ReceptionDesk_01a_46/SM_ReceptionDesk_01a,hospital_h2_collection,,collector=hospital_front_rgb_finetune;difficulty=test_occluded,,,,,,,False,h2_test_occluded_M,7.0376,True,0.3803,-0.1256,0.2,-0.1256,True,armed,False,
h2_ft_M_r2_20260709_230513,68,10.850001,1783635582.767381,3.418158,2.489976,3e-06,-2.045724,0.2,-0.1256,0.036846,0.222908,camera_link,10.850001,gnm_closed_loop,,nominal,,True,ok,checkpoints/hospital_front_rgb_finetune/best.pt,6.27,0.3803,-0.1256,0.0951,-0.003,0.4912,,,gnm_closed_loop,0.2,-0.1256,True,136,/World/Hospital/SM_ReceptionDesk_01a_46/SM_ReceptionDesk_01a,hospital_h2_collection,,collector=hospital_front_rgb_finetune;difficulty=test_occluded,,,,,,,False,h2_test_occluded_M,7.0368,True,0.3803,-0.1256,0.2,-0.1256,True,armed,False,
h2_ft_M_r2_20260709_230513,69,10.866667,1783635601.193749,3.41716,2.489826,3e-06,-2.041922,0.2,-0.1256,0.040258,0.223833,camera_link,10.866667,gnm_closed_loop,,nominal,,True,ok,checkpoints/hospital_front_rgb_finetune/best.pt,3.98,0.3803,-0.1256,0.0951,-0.003,0.4912,,,gnm_closed_loop,0.2,-0.1256,True,138,/World/Hospital/SM_ReceptionDesk_01a_46/SM_ReceptionDesk_01a,hospital_h2_collection,,collector=hospital_front_rgb_finetune;difficulty=test_occluded,,,,,,,False,h2_test_occluded_M,7.0359,True,0.3803,-0.1256,0.2,-0.1256,True,armed,False,
h2_ft_M_r2_20260709_230513,70,10.883334,1783635601.196271,3.416181,2.489625,3e-06,-2.037913,0.2,-0.1256,0.040258,0.223833,camera_link,10.883334,gnm_closed_loop,,nominal,,True,ok,checkpoints/hospital_front_rgb_finetune/best.pt,3.98,0.3803,-0.1256,0.0951,-0.003,0.4912,,,gnm_closed_loop,0.2,-0.1256,True,140,/World/Hospital/SM_ReceptionDesk_01a_46/SM_ReceptionDesk_01a,hospital_h2_collection,,collector=hospital_front_rgb_finetune;difficulty=test_occluded,,,,,,,False,h2_test_occluded_M,7.035,True,0.3803,-0.1256,0.2,-0.1256,True,armed,False,
h2_ft_M_r2_20260709_230513,71,10.900001,1783635601.198863,3.415184,2.489497,3e-06,-2.034017,0.2,-0.1256,0.040258,0.223833,camera_link,10.900001,gnm_closed_loop,,nominal,,True,ok,checkpoints/hospital_front_rgb_finetune/best.pt,3.98,0.3803,-0.1256,0.0951,-0.003,0.4912,,,gnm_closed_loop,0.2,-0.1256,True,142,/World/Hospital/SM_ReceptionDesk_01a_46/SM_ReceptionDesk_01a,hospital_h2_collection,,collector=hospital_front_rgb_finetune;difficulty=test_occluded,,,,,,,False,h2_test_occluded_M,7.0342,True,0.3803,-0.1256,0.2,-0.1256,True,armed,False,
h2_ft_M_r2_20260709_230513,72,10.916667,1783635604.265529,3.414165,2.489445,3e-06,-2.029831,0.2,-0.1256,0.041489,0.241399,camera_link,10.916667,gnm_closed_loop,,nominal,,True,ok,checkpoints/hospital_front_rgb_finetune/best.pt,4.48,0.3803,-0.1256,0.0951,-0.003,0.4912,,,gnm_closed_loop,0.2,-0.1256,True,144,/World/Hospital/SM_ReceptionDesk_01a_46/SM_ReceptionDesk_01a,hospital_h2_collection,,collector=hospital_front_rgb_finetune;difficulty=test_occluded,,,,,,,False,h2_test_occluded_M,7.0334,True,0.3803,-0.1256,0.2,-0.1256,True,armed,False,
h2_ft_M_r2_20260709_230513,73,10.933334,1783635604.267977,3.413152,2.489329,3e-06,-2.02559,0.2,-0.1256,0.041489,0.241399,camera_link,10.933334,gnm_closed_loop,,nominal,,True,ok,checkpoints/hospital_front_rgb_finetune/best.pt,4.48,0.3803,-0.1256,0.0951,-0.003,0.4912,,,gnm_closed_loop,0.2,-0.1256,True,146,/World/Hospital/SM_ReceptionDesk_01a_46/SM_ReceptionDesk_01a,hospital_h2_collection,,collector=hospital_front_rgb_finetune;difficulty=test_occluded,,,,,,,False,h2_test_occluded_M,7.0325,True,0.3803,-0.1256,0.2,-0.1256,True,armed,False,
h2_ft_M_r2_20260709_230513,74,10.950001,1783635604.270015,3.412144,2.489192,3e-06,-2.021406,0.2,-0.1256,0.041489,0.241399,camera_link,10.950001,gnm_closed_loop,,nominal,,True,ok,checkpoints/hospital_front_rgb_finetune/best.pt,4.48,0.3803,-0.1256,0.0951,-0.003,0.4912,,,gnm_closed_loop,0.2,-0.1256,True,148,/World/Hospital/SM_ReceptionDesk_01a_46/SM_ReceptionDesk_01a,hospital_h2_collection,,collector=hospital_front_rgb_finetune;difficulty=test_occluded,,,,,,,False,h2_test_occluded_M,7.0317,True,0.3803,-0.1256,0.2,-0.1256,True,armed,False,
h2_ft_M_r2_20260709_230513,75,10.966667,1783635616.549108,3.411137,2.48905,3e-06,-2.017161,0.2,-0.1256,0.03914,0.229643,camera_link,10.966667,gnm_closed_loop,,nominal,,True,ok,checkpoints/hospital_front_rgb_finetune/best.pt,4.22,0.3803,-0.1256,0.0951,-0.003,0.4912,,,gnm_closed_loop,0.2,-0.1256,True,150,/World/Hospital/SM_ReceptionDesk_01a_46/SM_ReceptionDesk_01a,hospital_h2_collection,,collector=hospital_front_rgb_finetune;difficulty=test_occluded,,,,,,,False,h2_test_occluded_M,7.0308,True,0.3803,-0.1256,0.2,-0.1256,True,armed,False,
h2_ft_M_r2_20260709_230513,76,10.983334,1783635616.551704,3.410117,2.488877,3e-06,-2.012995,0.2,-0.1256,0.03914,0.229643,camera_link,10.983334,gnm_closed_loop,,nominal,,True,ok,checkpoints/hospital_front_rgb_finetune/best.pt,4.22,0.3803,-0.1256,0.0951,-0.003,0.4912,,,gnm_closed_loop,0.2,-0.1256,True,152,/World/Hospital/SM_ReceptionDesk_01a_46/SM_ReceptionDesk_01a,hospital_h2_collection,,collector=hospital_front_rgb_finetune;difficulty=test_occluded,,,,,,,False,h2_test_occluded_M,7.0299,True,0.3803,-0.1256,0.2,-0.1256,True,armed,False,
h2_ft_M_r2_20260709_230513,77,11.000001,1783635616.553688,3.409077,2.488734,3e-06,-2.008568,0.2,-0.1256,0.03914,0.229643,camera_link,11.000001,gnm_closed_loop,,nominal,,True,ok,checkpoints/hospital_front_rgb_finetune/best.pt,4.22,0.3803,-0.1256,0.0951,-0.003,0.4912,,,gnm_closed_loop,0.2,-0.1256,True,154,/World/Hospital/SM_ReceptionDesk_01a_46/SM_ReceptionDesk_01a,hospital_h2_collection,,collector=hospital_front_rgb_finetune;difficulty=test_occluded,,,,,,,False,h2_test_occluded_M,7.029,True,0.3803,-0.1256,0.2,-0.1256,True,armed,False,
h2_ft_M_r2_20260709_230513,78,11.016667,1783635619.627239,3.408049,2.488584,3e-06,-2.004279,0.2,-0.1256,0.041613,0.235027,camera_link,11.016667,gnm_closed_loop,,nominal,,True,ok,checkpoints/hospital_front_rgb_finetune/best.pt,4.87,0.3803,-0.1256,0.0951,-0.003,0.4912,,,gnm_closed_loop,0.2,-0.1256,True,156,/World/Hospital/SM_ReceptionDesk_01a_46/SM_ReceptionDesk_01a,hospital_h2_collection,,collector=hospital_front_rgb_finetune;difficulty=test_occluded,,,,,,,False,h2_test_occluded_M,7.0281,True,0.3803,-0.1256,0.2,-0.1256,True,armed,False,
h2_ft_M_r2_20260709_230513,79,11.033334,1783635619.629572,3.407026,2.488445,3e-06,-1.999901,0.2,-0.1256,0.041613,0.235027,camera_link,11.033334,gnm_closed_loop,,nominal,,True,ok,checkpoints/hospital_front_rgb_finetune/best.pt,4.87,0.3803,-0.1256,0.0951,-0.003,0.4912,,,gnm_closed_loop,0.2,-0.1256,True,158,/World/Hospital/SM_ReceptionDesk_01a_46/SM_ReceptionDesk_01a,hospital_h2_collection,,collector=hospital_front_rgb_finetune;difficulty=test_occluded,,,,,,,False,h2_test_occluded_M,7.0272,True,0.3803,-0.1256,0.2,-0.1256,True,armed,False,
h2_ft_M_r2_20260709_230513,80,11.050001,1783635619.63164,3.406093,2.488312,1.5e-05,-1.99571,0.2,-0.1256,0.041613,0.235027,camera_link,11.050001,gnm_closed_loop,,nominal,,True,ok,checkpoints/hospital_front_rgb_finetune/best.pt,4.87,0.3803,-0.1256,0.0951,-0.003,0.4912,,,gnm_closed_loop,0.2,-0.1256,True,160,/World/Hospital/SM_ReceptionDesk_01a_46/SM_ReceptionDesk_01a,hospital_h2_collection,,collector=hospital_front_rgb_finetune;difficulty=test_occluded,,,,,,,False,h2_test_occluded_M,7.0264,True,0.3803,-0.1256,0.2,-0.1256,True,armed,False,
h2_ft_M_r2_20260709_230513,81,11.066667,1783635631.910893,3.405159,2.488154,4e-06,-1.991518,0.2,-0.1256,0.034382,0.278647,camera_link,11.066667,gnm_closed_loop,,nominal,,True,ok,checkpoints/hospital_front_rgb_finetune/best.pt,4.43,0.3803,-0.1256,0.0951,-0.003,0.4912,,,gnm_closed_loop,0.2,-0.1256,True,162,/World/Hospital/SM_ReceptionDesk_01a_46/SM_ReceptionDesk_01a,hospital_h2_collection,,collector=hospital_front_rgb_finetune;difficulty=test_occluded,,,,,,,False,h2_test_occluded_M,7.0256,True,0.3803,-0.1256,0.2,-0.1256,True,armed,False,
h2_ft_M_r2_20260709_230513,82,11.083334,1783635631.913607,3.404222,2.487983,4e-06,-1.987032,0.2,-0.1256,0.034382,0.278647,camera_link,11.083334,gnm_closed_loop,,nominal,,True,ok,checkpoints/hospital_front_rgb_finetune/best.pt,4.43,0.3803,-0.1256,0.0951,-0.003,0.4912,,,gnm_closed_loop,0.2,-0.1256,True,164,/World/Hospital/SM_ReceptionDesk_01a_46/SM_ReceptionDesk_01a,hospital_h2_collection,,collector=hospital_front_rgb_finetune;difficulty=test_occluded,,,,,,,False,h2_test_occluded_M,7.0248,True,0.3803,-0.1256,0.2,-0.1256,True,armed,False,
h2_ft_M_r2_20260709_230513,83,11.100001,1783635631.915792,3.403268,2.487732,4e-06,-1.982769,0.2,-0.1256,0.034382,0.278647,camera_link,11.100001,gnm_closed_loop,,nominal,,True,ok,checkpoints/hospital_front_rgb_finetune/best.pt,4.43,0.3803,-0.1256,0.0951,-0.003,0.4912,,,gnm_closed_loop,0.2,-0.1256,True,166,/World/Hospital/SM_ReceptionDesk_01a_46/SM_ReceptionDesk_01a,hospital_h2_collection,,collector=hospital_front_rgb_finetune;difficulty=test_occluded,,,,,,,False,h2_test_occluded_M,7.0239,True,0.3803,-0.1256,0.2,-0.1256,True,armed,False,
h2_ft_M_r2_20260709_230513,84,11.116667,1783635644.195652,3.402303,2.487623,4e-06,-1.978083,0.2,-0.1256,0.034762,0.233856,camera_link,11.116667,gnm_closed_loop,,nominal,,True,ok,checkpoints/hospital_front_rgb_finetune/best.pt,4.32,0.3803,-0.1256,0.0951,-0.003,0.4912,,,gnm_closed_loop,0.2,-0.1256,True,168,/World/Hospital/SM_ReceptionDesk_01a_46/SM_ReceptionDesk_01a,hospital_h2_collection,,collector=hospital_front_rgb_finetune;difficulty=test_occluded,,,,,,,False,h2_test_occluded_M,7.0231,True,0.3803,-0.1256,0.2,-0.1256,True,armed,False,
h2_ft_M_r2_20260709_230513,85,11.133334,1783635644.197979,3.401355,2.487483,3e-06,-1.973822,0.2,-0.1256,0.034762,0.233856,camera_link,11.133334,gnm_closed_loop,,nominal,,True,ok,checkpoints/hospital_front_rgb_finetune/best.pt,4.32,0.3803,-0.1256,0.0951,-0.003,0.4912,,,gnm_closed_loop,0.2,-0.1256,True,170,/World/Hospital/SM_ReceptionDesk_01a_46/SM_ReceptionDesk_01a,hospital_h2_collection,,collector=hospital_front_rgb_finetune;difficulty=test_occluded,,,,,,,False,h2_test_occluded_M,7.0223,True,0.3803,-0.1256,0.2,-0.1256,True,armed,False,
h2_ft_M_r2_20260709_230513,86,11.150001,1783635644.200996,3.400415,2.487264,3e-06,-1.969391,0.2,-0.1256,0.034762,0.233856,camera_link,11.150001,gnm_closed_loop,,nominal,,True,ok,checkpoints/hospital_front_rgb_finetune/best.pt,4.32,0.3803,-0.1256,0.0951,-0.003,0.4912,,,gnm_closed_loop,0.2,-0.1256,True,172,/World/Hospital/SM_ReceptionDesk_01a_46/SM_ReceptionDesk_01a,hospital_h2_collection,,collector=hospital_front_rgb_finetune;difficulty=test_occluded,,,,,,,False,h2_test_occluded_M,7.0214,True,0.3803,-0.1256,0.2,-0.1256,True,armed,False,
h2_ft_M_r2_20260709_230513,87,11.166667,1783635647.270979,3.399467,2.487067,4e-06,-1.964867,0.2,-0.1256,0.038258,0.304873,camera_link,11.166667,gnm_closed_loop,,nominal,,True,ok,checkpoints/hospital_front_rgb_finetune/best.pt,4.38,0.3803,-0.1256,0.0951,-0.003,0.4912,,,gnm_closed_loop,0.2,-0.1256,True,174,/World/Hospital/SM_ReceptionDesk_01a_46/SM_ReceptionDesk_01a,hospital_h2_collection,,collector=hospital_front_rgb_finetune;difficulty=test_occluded,,,,,,,False,h2_test_occluded_M,7.0205,True,0.3803,-0.1256,0.2,-0.1256,True,armed,False,
h2_ft_M_r2_20260709_230513,88,11.183334,1783635647.27352,3.398514,2.486797,4e-06,-1.960268,0.2,-0.1256,0.038258,0.304873,camera_link,11.183334,gnm_closed_loop,,nominal,,True,ok,checkpoints/hospital_front_rgb_finetune/best.pt,4.38,0.3803,-0.1256,0.0951,-0.003,0.4912,,,gnm_closed_loop,0.2,-0.1256,True,176,/World/Hospital/SM_ReceptionDesk_01a_46/SM_ReceptionDesk_01a,hospital_h2_collection,,collector=hospital_front_rgb_finetune;difficulty=test_occluded,,,,,,,False,h2_test_occluded_M,7.0196,True,0.3803,-0.1256,0.2,-0.1256,True,armed,False,
h2_ft_M_r2_20260709_230513,89,11.200001,1783635647.275631,3.39755,2.48665,4e-06,-1.955435,0.2,-0.1256,0.038258,0.304873,camera_link,11.200001,gnm_closed_loop,,nominal,,True,ok,checkpoints/hospital_front_rgb_finetune/best.pt,4.38,0.3803,-0.1256,0.0951,-0.003,0.4912,,,gnm_closed_loop,0.2,-0.1256,True,178,/World/Hospital/SM_ReceptionDesk_01a_46/SM_ReceptionDesk_01a,hospital_h2_collection,,collector=hospital_front_rgb_finetune;difficulty=test_occluded,,,,,,,False,h2_test_occluded_M,7.0188,True,0.3803,-0.1256,0.2,-0.1256,True,armed,False,
h2_ft_M_r2_20260709_230513,90,11.216667,1783635650.343098,3.396597,2.486459,3e-06,-1.951078,0.2,-0.1256,0.038843,0.266371,camera_link,11.216667,gnm_closed_loop,,nominal,,True,ok,checkpoints/hospital_front_rgb_finetune/best.pt,4.6,0.3803,-0.1256,0.0951,-0.003,0.4912,,,gnm_closed_loop,0.2,-0.1256,True,180,/World/Hospital/SM_ReceptionDesk_01a_46/SM_ReceptionDesk_01a,hospital_h2_collection,,collector=hospital_front_rgb_finetune;difficulty=test_occluded,,,,,,,False,h2_test_occluded_M,7.0179,True,0.3803,-0.1256,0.2,-0.1256,True,armed,False,
h2_ft_M_r2_20260709_230513,91,11.233334,1783635650.345598,3.395623,2.486249,3e-06,-1.946485,0.2,-0.1256,0.038843,0.266371,camera_link,11.233334,gnm_closed_loop,,nominal,,True,ok,checkpoints/hospital_front_rgb_finetune/best.pt,4.6,0.3803,-0.1256,0.0951,-0.003,0.4912,,,gnm_closed_loop,0.2,-0.1256,True,182,/World/Hospital/SM_ReceptionDesk_01a_46/SM_ReceptionDesk_01a,hospital_h2_collection,,collector=hospital_front_rgb_finetune;difficulty=test_occluded,,,,,,,False,h2_test_occluded_M,7.0171,True,0.3803,-0.1256,0.2,-0.1256,True,armed,False,
h2_ft_M_r2_20260709_230513,92,11.250001,1783635650.347553,3.394639,2.486035,4e-06,-1.941702,0.2,-0.1256,0.038843,0.266371,camera_link,11.250001,gnm_closed_loop,,nominal,,True,ok,checkpoints/hospital_front_rgb_finetune/best.pt,4.6,0.3803,-0.1256,0.0951,-0.003,0.4912,,,gnm_closed_loop,0.2,-0.1256,True,184,/World/Hospital/SM_ReceptionDesk_01a_46/SM_ReceptionDesk_01a,hospital_h2_collection,,collector=hospital_front_rgb_finetune;difficulty=test_occluded,,,,,,,False,h2_test_occluded_M,7.0162,True,0.3803,-0.1256,0.2,-0.1256,True,armed,False,
h2_ft_M_r2_20260709_230513,93,11.266667,1783635662.628992,3.393666,2.485769,4e-06,-1.93687,0.2,-0.1256,0.039745,0.309125,camera_link,11.266667,gnm_closed_loop,,nominal,,True,ok,checkpoints/hospital_front_rgb_finetune/best.pt,4.35,0.3803,-0.1256,0.0951,-0.003,0.4912,,,gnm_closed_loop,0.2,-0.1256,True,186,/World/Hospital/SM_ReceptionDesk_01a_46/SM_ReceptionDesk_01a,hospital_h2_collection,,collector=hospital_front_rgb_finetune;difficulty=test_occluded,,,,,,,False,h2_test_occluded_M,7.0153,True,0.3803,-0.1256,0.2,-0.1256,True,armed,False,
